comp,yr,conc,angle,radius,calc_x,calc_y
Chopin,1846,1,3.14159265358979,32,-32,0
Mendelssohn,1846,2,3.14159265358979,24,-24,0
Mendelssohn,1847,1,3.12374269533076,24,-23.9961766494001,0.428376249092311
Mendelssohn,1852,2,3.0344929040356,24,-23.8624872425255,2.5654829175627
Chopin,1854,1,2.99879298751753,32,-31.6742861401898,4.55407482474513
Beethoven,1855,1,2.9809430292585,38,-37.510695967371,6.07846099300269
Chopin,1855,1,2.9809430292585,32,-31.5879544988388,5.11870399410753
Henselt,1857,1,2.94524311274043,1,-0.98078528040323,0.195090322016128
Henselt,1858,1,2.9273931544814,1,-0.97714686597116,0.212565289552977
Chopin,1859,1,2.90954319622236,32,-31.1423078491009,7.35912099586819
Mendelssohn,1859,1,2.90954319622236,24,-23.3567308868257,5.51934074690115
Schumann,1859,1,2.90954319622236,31,-30.1691107288165,7.12914846474731
Beethoven,1860,1,2.89169323796333,38,-36.8196174676973,9.39764702106018
Schumann,1860,1,2.89169323796333,31,-30.0370563552267,7.66650151718067
Chopin,1861,1,2.8738432797043,32,-30.8598005662114,8.46597360104894
Mozart,1861,1,2.8738432797043,37,-35.681644404682,9.78878197621283
Beethoven,1862,1,2.85599332144527,38,-36.4607329973509,10.7058371599743
Mozart,1862,1,2.85599332144527,37,-35.5012400237364,10.4241046031329
Beethoven,1863,1,2.83814336318623,38,-36.2638359752108,11.3549196546257
Mendelssohn,1863,1,2.83814336318623,24,-22.9034753527647,7.1715282029215
Beethoven,1865,1,2.80244344666817,38,-35.8354460063207,12.6420255310641
Mozart,1865,1,2.80244344666817,37,-34.8924079535227,12.3093406486677
Beethoven,1866,1,2.78459348840913,38,-35.6040895499909,13.2796388247657
Mendelssohn,1866,1,2.78459348840913,24,-22.4867933999943,8.38714031037837
Mozart,1866,1,2.78459348840913,37,-34.6671398249912,12.9301746451666
Beethoven,1867,1,2.7667435301501,38,-35.3613891838995,13.9130210588784
Chopin,1867,1,2.7667435301501,32,-29.7780119443364,11.7162282601081
Liszt,1867,1,2.7667435301501,33,-30.7085748175969,12.0823603932365
Mozart,1867,2,2.7667435301501,37,-34.430826310639,13.54688892575
Schumann,1868,1,2.74889357189107,31,-28.6402655078499,11.8631864033178
Beethoven,1869,2,2.73104361363204,38,-34.8422696216361,15.1662865465878
Liszt,1869,1,2.73104361363204,33,-30.2577604608945,13.1707225273
Mendelssohn,1869,1,2.73104361363204,24,-22.0056439715597,9.57870729258178
Beethoven,1870,3,2.713193655373,38,-34.5660158234717,15.7857704940717
Chopin,1870,1,2.713193655373,32,-29.1082238513446,13.2932804160604
Liszt,1870,1,2.713193655373,33,-30.0178558466991,13.7086954290623
Beethoven,1871,2,2.69534369711397,38,-34.2787488588626,16.4002248969648
Rubinstein,1871,1,2.69534369711397,23,-20.7476637829958,9.92645191132081
Mozart,1872,1,2.67749373885494,37,-33.0863349848093,16.5618367723204
Rubinstein,1872,1,2.67749373885494,23,-20.5671812067734,10.2951958314424
Schumann,1872,1,2.67749373885494,31,-27.7209833656511,13.8761335119441
Chopin,1873,1,2.6596437805959,32,-28.3549852779137,14.8322220145634
Chopin,1874,1,2.64179382233687,32,-28.0857276661522,15.3359675750418
Henselt,1874,1,2.64179382233687,1,-0.877678989567256,0.479248986720057
Brahms,1875,1,2.62394386407784,36,-31.2834617877156,17.8141802667576
Liszt,1875,1,2.62394386407784,33,-28.6765066387393,16.3296652445278
Schumann,1875,1,2.62394386407784,31,-26.9385365394218,15.3399885630413
Beethoven,1876,1,2.60609390581881,38,-32.6805411278926,19.3902612563142
Chopin,1876,2,2.60609390581881,32,-27.5204556866464,16.3286410579488
Saint-Saëns,1876,1,2.60609390581881,27,-23.2203844856079,13.7772908926443
Beethoven,1878,3,2.57039398930074,38,-31.9676342475849,20.5443510633127
Grieg,1879,2,2.55254403104171,28,-23.2811491444713,15.5559665245489
Liszt,1879,1,2.55254403104171,33,-27.438497205984,18.3338176896469
Schumann,1879,1,2.55254403104171,31,-25.7755579813789,17.2226772236077
Tchaikovsky,1879,1,2.55254403104171,34,-28.2699668182865,18.8893879226665
Beethoven,1880,1,2.53469407278267,38,-31.2139894545787,21.6722602035286
Chopin,1880,1,2.53469407278267,32,-26.2854648038557,18.2503243819189
Henselt,1880,1,2.53469407278267,1,-0.821420775120492,0.570322636934964
Saint-Saëns,1881,4,2.51684411452364,27,-21.8999760202078,15.7921198803176
Schumann,1881,1,2.51684411452364,31,-25.1444169120904,18.1316931959203
Tchaikovsky,1881,1,2.51684411452364,34,-27.5777475810024,19.8863731826222
Beethoven,1882,1,2.49899415626461,38,-30.4205671551257,22.7725513274312
Brahms,1882,1,2.49899415626461,36,-28.819484673277,21.5739959944085
Beethoven,1883,1,2.48114419800558,38,-30.0092534628928,23.3119005359893
Chopin,1883,2,2.48114419800558,32,-25.2709502845413,19.6310741355699
Schumann,1883,1,2.48114419800558,31,-24.4812330881494,19.0176030688334
Beethoven,1884,2,2.46329423974654,38,-29.5883784458907,23.8438222804724
Mendelssohn,1884,2,2.46329423974654,24,-18.6873969131941,15.0592561771405
Rubinstein,1884,1,2.46329423974654,23,-17.9087553751444,14.4317871697596
Liszt,1885,1,2.44544428148751,33,-25.3214872264736,21.1618119413138
Mozart,1885,1,2.44544428148751,37,-28.3907584054401,23.7268800554125
Beethoven,1886,1,2.42759432322848,38,-28.7184838254618,24.8847078899208
Rubinstein,1886,2,2.42759432322848,23,-17.3822402101479,15.0617968807416
Schumann,1886,1,2.42759432322848,31,-23.428236804982,20.3006827523038
Brahms,1887,1,2.40974436496944,36,-26.7818602560426,24.0568485306328
Chopin,1887,2,2.40974436496944,32,-23.8060980053712,21.3838653605624
Henselt,1887,2,2.40974436496944,1,-0.743940562667849,0.668245792517576
Liszt,1887,2,2.40974436496944,33,-24.550038568039,22.05211115308
Litolff,1887,2,2.40974436496944,6,-4.4636433760071,4.00947475510546
Beethoven,1888,1,2.39189440671041,38,-27.8119918429056,25.8938817045679
Chopin,1888,2,2.39189440671041,32,-23.4206247098152,21.8053740670045
Rubinstein,1888,2,2.39189440671041,23,-16.8335740101797,15.6726126106595
Tchaikovsky,1888,1,2.39189440671041,34,-24.8844137541787,23.1682099461923
Beethoven,1889,2,2.37404444845138,38,-27.3453810547914,26.3861731777887
Chopin,1889,1,2.37404444845138,32,-23.027689309298,22.2199353076115
Rubinstein,1889,1,2.37404444845138,23,-16.5511516910579,15.9705785023458
Beethoven,1890,3,2.35619449019234,38,-26.8700576850888,26.8700576850888
Henselt,1890,1,2.35619449019234,1,-0.707106781186547,0.707106781186548
Liszt,1890,2,2.35619449019234,33,-23.3345237791561,23.3345237791561
Beethoven,1891,1,2.33834453193331,38,-26.3861731777887,27.3453810547914
Chopin,1891,4,2.33834453193331,32,-22.2199353076115,23.027689309298
Paderewski,1891,1,2.33834453193331,5,-3.4718648918143,3.59807645457782
Rubinstein,1891,2,2.33834453193331,23,-15.9705785023458,16.5511516910579
Saint-Saëns,1891,3,2.33834453193331,27,-18.7480704157972,19.4296128547202
Schumann,1891,2,2.33834453193331,31,-21.5255623292487,22.3080740183825
Tchaikovsky,1891,1,2.33834453193331,34,-23.6086812643373,24.4669198911291
Beethoven,1892,4,2.32049457367428,38,-25.8938817045679,27.8119918429056
Chopin,1892,1,2.32049457367428,32,-21.8053740670045,23.4206247098152
Rubinstein,1892,2,2.32049457367428,23,-15.6726126106595,16.8335740101797
Tchaikovsky,1892,1,2.32049457367428,34,-23.1682099461923,24.8844137541787
Schumann,1893,2,2.30264461541525,31,-20.7156195680449,23.0621574427033
Liszt,1894,2,2.28479465715621,33,-21.6104042201944,24.9397359536905
MacDowell,1894,2,2.28479465715621,21,-13.752075412851,15.8707410614394
Beethoven,1895,3,2.26694469889718,38,-24.3681470839371,29.1580762001818
Liszt,1895,1,2.26694469889718,33,-21.1618119413138,25.3214872264737
Tchaikovsky,1895,2,2.26694469889718,34,-21.8030789698385,26.0888050212153
Brahms,1896,2,2.24909474063815,36,-22.5888842657107,28.0310953697912
Liszt,1896,2,2.24909474063815,33,-20.7064772435681,25.6951707556419
Saint-Saëns,1896,4,2.24909474063815,27,-16.941663199283,21.0233215273434
Tchaikovsky,1896,1,2.24909474063815,34,-21.333946250949,26.4738122936917
Beethoven,1897,2,2.23124478237911,38,-23.3119005359893,30.0092534628928
Grieg,1897,2,2.23124478237911,28,-17.1771898686237,22.1120814989736
Liszt,1897,2,2.23124478237911,33,-20.2445452023065,26.0606674809332
Rubinstein,1897,2,2.23124478237911,23,-14.1098345349409,18.1634955170141
Brahms,1898,2,2.21339482412008,36,-21.5739959944085,28.819484673277
Grieg,1898,1,2.21339482412008,28,-16.7797746623177,22.4151547458821
Litolff,1898,1,2.21339482412008,6,-3.59566599906808,4.80324744554616
Rubinstein,1898,1,2.21339482412008,23,-13.783386329761,18.4124485412603
Saint-Saëns,1898,1,2.21339482412008,27,-16.1804969958064,21.6146135049577
Tchaikovsky,1898,3,2.21339482412008,34,-20.3754406613858,27.2184021914283
Beethoven,1899,1,2.19554486586105,38,-22.2259464982248,30.8221884728851
Chopin,1899,1,2.19554486586105,32,-18.7165865248209,25.9555271350611
Grieg,1899,2,2.19554486586105,28,-16.3770132092183,22.7110862431785
Liszt,1899,2,2.19554486586105,33,-19.3014798537215,26.7666373580318
Litolff,1899,1,2.19554486586105,6,-3.50935997340392,4.86666133782396
Rubinstein,1899,1,2.19554486586105,23,-13.452546564715,18.6555351283252
Schumann,1899,3,2.19554486586105,31,-18.1316931959202,25.1444169120904
Chopin,1900,2,2.17769490760202,32,-18.2503243819188,26.2854648038557
Tchaikovsky,1900,2,2.17769490760202,34,-19.3909696557888,27.9283063540967
Beethoven,1901,2,2.15984494934298,38,-21.1116688547449,31.5958452674967
Chopin,1901,1,2.15984494934298,32,-17.7782474566273,26.6070275936814
Liszt,1901,1,2.15984494934298,33,-18.3338176896469,27.438497205984
Rubinstein,1901,2,2.15984494934298,23,-12.7781153594509,19.1238010829585
Schumann,1901,1,2.15984494934298,31,-17.2226772236077,25.7755579813789
Chopin,1902,1,2.14199499108395,32,-17.3005061585791,26.9201130505978
Grieg,1902,1,2.14199499108395,28,-15.1379428887567,23.5550989192731
Mozart,1902,1,2.14199499108395,37,-20.0037102458571,31.1263807147537
Saint-Saëns,1902,2,2.14199499108395,27,-14.5973020713011,22.7138453864419
Grieg,1903,1,2.12414503282492,28,-14.7150961143792,23.8215437439429
Liszt,1903,1,2.12414503282492,33,-17.3427918490897,28.0753908410755
Saint-Saëns,1903,2,2.12414503282492,27,-14.189556967437,22.9707743245163
Tchaikovsky,1903,3,2.12414503282492,34,-17.8683309960318,28.926160260502
Beethoven,1904,3,2.10629507456588,38,-19.3902612563142,32.6805411278926
Chopin,1904,1,2.10629507456588,32,-16.3286410579488,27.5204556866464
Grieg,1904,1,2.10629507456588,28,-14.2875609257052,24.0803987258156
Liszt,1904,4,2.10629507456588,33,-16.8389110910097,28.3804699268541
Schumann,1904,1,2.10629507456588,31,-15.8183710248879,26.6604414464387
Beethoven,1905,2,2.08844511630685,38,-18.8038569482442,33.0214318870332
Chopin,1905,1,2.08844511630685,32,-15.8348269037846,27.8075215890806
Grieg,1905,2,2.08844511630685,28,-13.8554735408115,24.3315813904455
Liszt,1905,4,2.08844511630685,33,-16.3296652445278,28.6765066387393
Rubinstein,1905,1,2.08844511630685,23,-11.3812818370952,19.9866561421516
Schumann,1905,1,2.08844511630685,31,-15.3399885630413,26.9385365394218
Beethoven,1906,2,2.07059515804782,38,-18.2114614953622,33.3518016035557
Brahms,1906,2,2.07059515804782,36,-17.252963521922,31.5964436244212
Chopin,1906,3,2.07059515804782,32,-15.3359675750418,28.0857276661522
Liszt,1906,4,2.07059515804782,33,-15.8152165617619,28.9634066557194
Mozart,1906,2,2.07059515804782,37,-17.7322125086421,32.4741226139885
Rubinstein,1906,2,2.07059515804782,23,-11.0227266945613,20.1866167600469
Saint-Saëns,1906,3,2.07059515804782,27,-12.9397226414415,23.6973327183159
Tchaikovsky,1906,4,2.07059515804782,34,-16.2944655484819,29.8410856452867
Chopin,1907,2,2.05274519978879,32,-14.8322220145634,28.3549852779137
Grieg,1907,3,2.05274519978879,28,-12.978194262743,24.8106121181745
Rubinstein,1907,2,2.05274519978879,23,-10.6606595729674,20.3801456685005
Tchaikovsky,1907,3,2.05274519978879,34,-15.7592358904736,30.1271718577833
Grieg,1908,2,2.03489524152975,28,-12.5332818817559,25.0383075560719
Rubinstein,1908,1,2.03489524152975,23,-10.2951958314424,20.5671812067734
Schumann,1908,2,2.03489524152975,31,-13.8761335119441,27.7209833656511
Tchaikovsky,1908,2,2.03489524152975,34,-15.2189851421322,30.4036591752302
Liszt,1909,2,2.01704528327072,33,-14.2423005684168,29.768387166907
Mendelssohn,1909,1,2.01704528327072,24,-10.3580367770304,21.6497361213869
Rachmaninoff,1909,2,2.01704528327072,35,-15.105470299836,31.5725318436893
Schumann,1909,2,2.01704528327072,31,-13.3791308369976,27.9642424901248
Beethoven,1910,5,1.99919532501169,38,-15.7857704940717,34.5660158234717
Grieg,1910,3,1.99919532501169,28,-11.6316203640528,25.4696958699265
Rachmaninoff,1910,1,1.99919532501169,35,-14.539525455066,31.8371198374081
Saint-Saëns,1910,2,1.99919532501169,27,-11.2162053510509,24.560063874572
Schumann,1910,1,1.99919532501169,31,-12.8778654030585,28.1985918559901
Tchaikovsky,1910,1,1.99919532501169,34,-14.1241104420641,30.9274878420536
Brahms,1911,2,1.98134536675265,36,-14.3680609388727,33.0084659573395
Liszt,1911,6,1.98134536675265,33,-13.1707225272999,30.2577604608946
MacDowell,1911,2,1.98134536675265,21,-8.38136888100905,19.2549384751147
Rachmaninoff,1911,1,1.98134536675265,35,-13.9689481350151,32.0915641251912
Rubinstein,1911,3,1.98134536675265,23,-9.1795944887242,21.0887421394114
Schumann,1911,1,1.98134536675265,31,-12.3724969195848,28.4239567965979
Beethoven,1912,4,1.96349540849362,38,-14.5419704298734,35.1074222354289
Brahms,1912,3,1.96349540849362,36,-13.7766035651432,33.2596631704063
Chopin,1912,4,1.96349540849362,32,-12.2458698356829,29.5641450403612
Grieg,1912,1,1.96349540849362,28,-10.7151361062225,25.868626910316
Rubinstein,1912,6,1.96349540849362,23,-8.80171894439706,21.2492292477596
Schumann,1912,2,1.96349540849362,31,-11.8631864033178,28.6402655078499
Tchaikovsky,1912,2,1.96349540849362,34,-13.0112367004131,31.4119041053837
Bach,1913,2,1.94564545023459,22,-8.05490692882434,20.4723832117313
Beethoven,1913,1,1.94564545023459,38,-13.9130210588784,35.3613891838995
Chausson,1913,1,1.94564545023459,4,-1.46452853251352,3.72225149304205
Grieg,1913,2,1.94564545023459,28,-10.2516997275946,26.0557604512944
Liszt,1913,5,1.94564545023459,33,-12.0823603932365,30.708574817597
Mendelssohn,1913,2,1.94564545023459,24,-8.7871711950811,22.3335089582523
Schumann,1913,3,1.94564545023459,31,-11.3500961269798,28.8474490710759
Tchaikovsky,1913,3,1.94564545023459,34,-12.4484925263649,31.6391376908575
Beethoven,1914,1,1.92779549197555,38,-13.2796388247657,35.6040895499909
Brahms,1914,4,1.92779549197555,36,-12.5807104655675,33.7301900999914
Grieg,1914,4,1.92779549197555,28,-9.78499702877475,26.2345922999933
Liszt,1914,1,1.92779549197555,33,-11.5323179267702,30.9193409249921
Paderewski,1914,2,1.92779549197555,5,-1.74732089799549,4.68474862499881
Rachmaninoff,1914,2,1.92779549197555,35,-12.2312462859684,32.7932403749917
Saint-Saëns,1914,1,1.92779549197555,27,-9.43553284917565,25.2976425749936
Schumann,1914,2,1.92779549197555,31,-10.833389567572,29.0454414749926
Beethoven,1915,5,1.90994553371652,38,-12.6420255310641,35.8354460063207
Brahms,1915,3,1.90994553371652,36,-11.9766557662713,33.9493699007248
Chopin,1915,7,1.90994553371652,32,-10.6459162366856,30.1772176895332
Grieg,1915,2,1.90994553371652,28,-9.31517670709986,26.4050654783415
Liszt,1915,3,1.90994553371652,33,-10.978601119082,31.1202557423311
MacDowell,1915,1,1.90994553371652,21,-6.9863825303249,19.8037991087562
Mozart,1915,1,1.90994553371652,37,-12.3093406486677,34.8924079535227
Rubinstein,1915,4,1.90994553371652,23,-7.65175229511775,21.689875214352
Saint-Saëns,1915,1,1.90994553371652,27,-8.98249182470344,25.4620274255436
Schumann,1915,3,1.90994553371652,31,-10.3132313542891,29.2341796367353
Tchaikovsky,1915,2,1.90994553371652,34,-11.3112860014784,32.063293795129
Beethoven,1916,6,1.89209557545749,38,-12.0003843293709,36.0553848398181
Chopin,1916,4,1.89209557545749,32,-10.1055868036808,30.3624293387942
Grieg,1916,4,1.89209557545749,28,-8.8423884532207,26.5671256714449
Liszt,1916,8,1.89209557545749,33,-10.4213863912958,31.3112552556315
Rubinstein,1916,2,1.89209557545749,23,-7.26339051514557,21.8229960872584
Saint-Saëns,1916,5,1.89209557545749,27,-8.52658886560567,25.6182997546076
Schumann,1916,7,1.89209557545749,31,-9.78978721606577,29.4136034219569
Tchaikovsky,1916,1,1.89209557545749,34,-10.7371859789108,32.2600811724689
Beethoven,1917,4,1.87424561719846,38,-11.3549196546257,36.2638359752108
Chopin,1917,2,1.87424561719846,32,-9.56203760389533,30.5379671370196
Grieg,1917,6,1.87424561719846,28,-8.36678290340842,26.7207212448922
Liszt,1917,2,1.87424561719846,33,-9.86085127901706,31.4922786100515
Mozart,1917,2,1.87424561719846,37,-11.056105979504,35.309524502179
Rubinstein,1917,5,1.87424561719846,23,-6.87271452779977,21.9491638797329
Saint-Saëns,1917,5,1.87424561719846,27,-8.06796922828669,25.7664097718603
Schumann,1917,2,1.87424561719846,31,-9.2632239287736,29.5836556639878
Tchaikovsky,1917,3,1.87424561719846,34,-10.1596649541388,32.4465900830834
Beethoven,1918,5,1.85639565893942,38,-10.7058371599743,36.4607329973509
Brahms,1918,3,1.85639565893942,36,-10.1423720462915,34.5417470501219
Chopin,1918,4,1.85639565893942,32,-9.01544181892575,30.7037751556639
Grieg,1918,1,1.85639565893942,28,-7.88851159156003,26.8658032612059
Liszt,1918,4,1.85639565893942,33,-9.29717437576718,31.6632681292784
MacDowell,1918,1,1.85639565893942,21,-5.91638369367002,20.1493524459044
Rubinstein,1918,1,1.85639565893942,23,-6.47984880735288,22.0683383931334
Saint-Saëns,1918,3,1.85639565893942,27,-7.6067790347186,25.9063102875914
Schumann,1918,2,1.85639565893942,31,-8.73370926208432,29.7442821820494
Tchaikovsky,1918,1,1.85639565893942,34,-9.57890693260861,32.6227611028929
Beethoven,1919,3,1.83854570068039,38,-10.0533436512456,36.6460131723761
Brahms,1919,2,1.83854570068039,36,-9.52422030118005,34.7172756369878
Chopin,1919,3,1.83854570068039,32,-8.46597360104893,30.8598005662114
Grieg,1919,6,1.83854570068039,28,-7.40772690091781,27.002325495435
Liszt,1919,6,1.83854570068039,33,-8.73053527608171,31.8241693339055
MacDowell,1919,1,1.83854570068039,21,-5.55579517568836,20.2517441215762
Mendelssohn,1919,1,1.83854570068039,24,-6.3494802007867,23.1448504246586
Paderewski,1919,1,1.83854570068039,5,-1.3228083751639,4.82184383847053
Rachmaninoff,1919,5,1.83854570068039,35,-9.25965862614727,33.7529068692937
Rubinstein,1919,2,1.83854570068039,23,-6.08491852575392,22.1804816569645
Saint-Saëns,1919,3,1.83854570068039,27,-7.14316522588503,26.0379567277409
Schumann,1919,1,1.83854570068039,31,-8.20141192601615,29.8954317985173
Tchaikovsky,1919,10,1.83854570068039,34,-8.99509695111449,32.7885381015996
Beethoven,1920,10,1.82069574242136,38,-9.39764702106018,36.8196174676973
Brahms,1920,3,1.82069574242136,36,-8.90303401995175,34.8817428641343
Chopin,1920,2,1.82069574242136,32,-7.91380801773489,31.0059936570082
Grieg,1920,1,1.82069574242136,28,-6.92458201551803,27.1302444498822
Liszt,1920,16,1.82069574242136,33,-8.16111451828911,31.9749309587897
Mozart,1920,4,1.82069574242136,37,-9.15034052050597,35.8506801659158
Rachmaninoff,1920,4,1.82069574242136,35,-8.65572751939754,33.9128055623528
Rubinstein,1920,1,1.82069574242136,23,-5.68804951274695,22.2855579409747
Saint-Saëns,1920,4,1.82069574242136,27,-6.67727551496381,26.1613071481007
Schumann,1920,7,1.82069574242136,31,-7.66650151718067,30.0370563552267
Tchaikovsky,1920,8,1.82069574242136,34,-8.40842101884332,32.9438682605713
Beethoven,1921,6,1.80284578416232,38,-8.73895618259346,36.9814905708073
Brahms,1921,2,1.80284578416232,36,-8.2790111203517,35.0350963302385
Chopin,1921,1,1.80284578416232,32,-7.35912099586817,31.1423078491009
Grieg,1921,3,1.80284578416232,28,-6.43923087138465,27.2495193679633
Liszt,1921,5,1.80284578416232,33,-7.58909352698905,32.1155049693853
Mozart,1921,6,1.80284578416232,37,-8.50898365147258,36.0082934505229
Rachmaninoff,1921,8,1.80284578416232,35,-8.04903858923081,34.0618992099541
Rubinstein,1921,1,1.80284578416232,23,-5.28936821578025,22.3835337665413
Saint-Saëns,1921,5,1.80284578416232,27,-6.20925834026377,26.2763222476789
Schumann,1921,2,1.80284578416232,31,-7.12914846474729,30.1691107288165
Tchaikovsky,1921,11,1.80284578416232,34,-7.81906605810993,33.0887020896697
Beethoven,1922,9,1.78499582590329,38,-8.07748100301311,37.1315809069041
Brahms,1922,4,1.78499582590329,36,-7.65235042390715,35.1772871749617
Grieg,1922,2,1.78499582590329,28,-5.95182810748334,27.3601122471925
Liszt,1922,2,1.78499582590329,33,-7.01465455524822,32.2458465770483
MacDowell,1922,2,1.78499582590329,21,-4.46387108061251,20.5200841853943
Mozart,1922,1,1.78499582590329,37,-7.86491571346013,36.1544340409329
Paderewski,1922,1,1.78499582590329,5,-1.06282644776488,4.8857343298558
Prokofiev,1922,2,1.78499582590329,30,-6.37695868658929,29.3144059791348
Rachmaninoff,1922,4,1.78499582590329,35,-7.43978513435418,34.2001403089906
Saint-Saëns,1922,4,1.78499582590329,27,-5.73926281793037,26.3829653812213
Schumann,1922,4,1.78499582590329,31,-6.58952397614227,30.2915528451059
Tchaikovsky,1922,2,1.78499582590329,34,-7.2272198448012,33.2229934430194
Bach,1923,2,1.76714586764426,22,-4.29198708435482,21.5772761688711
Beethoven,1923,11,1.76714586764426,38,-7.41343223661287,37.2698406553228
Brahms,1923,5,1.76714586764426,36,-7.02325159258061,35.3082700945163
Chopin,1923,2,1.76714586764426,32,-6.2428903045161,31.3851289729034
Grieg,1923,2,1.76714586764426,28,-5.46252901645159,27.4619878512905
Liszt,1923,5,1.76714586764426,33,-6.43798062653223,32.3659142533066
MacDowell,1923,1,1.76714586764426,21,-4.09689676233869,20.5964908884678
Mozart,1923,5,1.76714586764426,37,-7.21834191459674,36.2890553749195
Paderewski,1923,2,1.76714586764426,5,-0.975451610080641,4.90392640201615
Rachmaninoff,1923,3,1.76714586764426,35,-6.82816127056449,34.3274848141131
Schumann,1923,3,1.76714586764426,31,-6.04779998249997,30.4043436925001
Tchaikovsky,1923,4,1.76714586764426,34,-6.63307094854836,33.3466995337098
Beethoven,1924,4,1.74929590938523,38,-6.74702145766352,37.3962257647724
Brahms,1924,6,1.74929590938523,36,-6.39191506515491,35.4280033561002
Grieg,1924,1,1.74929590938523,28,-4.97148949512049,27.5551137214112
Liszt,1924,2,1.74929590938523,33,-5.859255476392,32.4756697430918
Mozart,1924,3,1.74929590938523,37,-6.56946826140921,36.4121145604363
Paderewski,1924,1,1.74929590938523,5,-0.887765981271516,4.92055602168058
Saint-Saëns,1924,3,1.74929590938523,27,-4.79393629886618,26.5710025170751
Schumann,1924,6,1.74929590938523,31,-5.5041490838834,30.5074473344196
Tchaikovsky,1924,7,1.74929590938523,34,-6.03680867264631,33.4597809474279
Beethoven,1925,3,1.73144595112619,38,-6.07846099300269,37.510695967371
Brahms,1925,2,1.73144595112619,36,-5.75854199337097,35.5364488111936
Gershwin,1925,2,1.73144595112619,25,-3.9989874953965,24.6780894522178
Grieg,1925,2,1.73144595112619,28,-4.47886599484408,27.6394601864839
MacDowell,1925,1,1.73144595112619,21,-3.35914949613306,20.7295951398629
Mozart,1925,3,1.73144595112619,37,-5.91850149318683,36.5235723892823
Rachmaninoff,1925,4,1.73144595112619,35,-5.59858249355511,34.5493252331049
Saint-Saëns,1925,1,1.73144595112619,27,-4.31890649502822,26.6523366083952
Schumann,1925,6,1.73144595112619,31,-4.95874449429166,30.60083092075
Stravinsky,1925,2,1.73144595112619,18,-2.87927099668548,17.7682244055968
Tchaikovsky,1925,3,1.73144595112619,34,-5.43862299373925,33.5622016550162
Beethoven,1926,8,1.71359599286716,38,-5.40796385438484,37.6132147914754
Brahms,1926,1,1.71359599286716,36,-5.12333417783827,35.6335719077136
Chopin,1926,3,1.71359599286716,32,-4.55407482474513,31.6742861401898
Gershwin,1926,2,1.71359599286716,25,-3.55787095683213,24.7455360470233
Grieg,1926,1,1.71359599286716,28,-3.98481547165199,27.7150003726661
Haydn,1926,4,1.71359599286716,19,-2.70398192719242,18.8066073957377
Mozart,1926,2,1.71359599286716,37,-5.26564901611155,36.6233933495945
Rachmaninoff,1926,2,1.71359599286716,35,-4.98101933956498,34.6437504658326
Schumann,1926,6,1.71359599286716,31,-4.41175998647184,30.6844646983089
Tchaikovsky,1926,1,1.71359599286716,34,-4.8387045012917,33.6539290239517
Beethoven,1927,3,1.69574603460813,38,-4.73574367061306,37.7037495733017
Brahms,1927,4,1.69574603460813,36,-4.48649400373869,35.7193417010227
Gershwin,1927,1,1.69574603460813,25,-3.11562083592965,24.805098403488
Grieg,1927,2,1.69574603460813,28,-3.48949533624121,27.7817102119065
Liszt,1927,4,1.69574603460813,33,-4.11261950342714,32.7427298926041
Mozart,1927,4,1.69574603460813,37,-4.61111883717588,36.7115456371622
Schumann,1927,2,1.69574603460813,31,-3.86336983655276,30.7583220203251
Beethoven,1928,2,1.67789607634909,38,-4.06201461947429,37.7822714673321
Brahms,1928,2,1.67789607634909,36,-3.84822437634406,35.7937308637883
Gershwin,1928,1,1.67789607634909,25,-2.67237803912782,24.8567575442974
Liszt,1928,1,1.67789607634909,33,-3.52753901164873,32.8109199584726
Rachmaninoff,1928,1,1.67789607634909,35,-3.74132925477895,34.7994605620164
Schumann,1928,1,1.67789607634909,31,-3.3137487685185,30.8223793549288
Tchaikovsky,1928,4,1.67789607634909,34,-3.63443413321384,33.8051902602445
Beethoven,1929,2,1.66004611809006,38,-3.38699135949948,37.8487554555057
Brahms,1929,2,1.66004611809006,36,-3.20872865636793,35.8567156946897
Honegger,1929,2,1.66004611809006,7,-0.623919460960431,6.97213916285632
Liszt,1929,2,1.66004611809006,33,-2.94133460167061,32.8686560534655
Mozart,1929,2,1.66004611809006,37,-3.29786000793371,36.8527355750977
Schumann,1929,1,1.66004611809006,31,-2.76307189853905,30.8766162926494
Tchaikovsky,1929,1,1.66004611809006,34,-3.03046595323638,33.8646759338736
Beethoven,1930,1,1.64219615983103,38,-2.71088896157083,37.9031803551896
Chopin,1930,6,1.64219615983103,32,-2.28285386237544,31.9184676675281
Copland,1930,1,1.64219615983103,16,-1.14142693118772,15.9592338337641
Gershwin,1930,1,1.64219615983103,25,-1.78347957998081,24.9363028652563
MacDowell,1930,2,1.64219615983103,21,-1.49812284718388,20.9464944068153
Mozart,1930,4,1.64219615983103,37,-2.6395497783716,36.9057282405794
Paderewski,1930,1,1.64219615983103,5,-0.356695915996162,4.98726057305127
Schumann,1930,1,1.64219615983103,31,-2.21151467917621,30.9210155529179
Liszt,1931,2,1.624346201572,33,-1.76630141402929,32.9526960856741
Mozart,1931,7,1.624346201572,37,-1.98039855512375,36.946962277877
Rachmaninoff,1931,1,1.624346201572,35,-1.87334998457652,34.9498291817755
Beethoven,1932,3,1.60649624331296,38,-1.35630868588125,37.9757873749657
Brahms,1932,5,1.60649624331296,36,-1.28492401820329,35.9770617236517
Gershwin,1932,1,1.60649624331296,25,-0.892308345974509,24.9840706414248
Grieg,1932,2,1.60649624331296,28,-0.99938534749145,27.9821591183958
Liszt,1932,1,1.60649624331296,33,-1.17784701668635,32.9789732466807
Mozart,1932,2,1.60649624331296,37,-1.32061635204227,36.9764245493087
Rachmaninoff,1932,6,1.60649624331296,35,-1.24923168436431,34.9776988979947
Schumann,1932,2,1.60649624331296,31,-1.10646234900839,30.9802475953667
Beethoven,1933,7,1.58864628505393,38,-0.678262394396143,37.9939463615501
Bloch,1933,2,1.58864628505393,2,-0.0356980207576918,1.99968138745001
Brahms,1933,5,1.58864628505393,36,-0.642564373638452,35.9942649741001
Chopin,1933,4,1.58864628505393,32,-0.571168332123068,31.9949021992001
Honegger,1933,2,1.58864628505393,7,-0.124943072651921,6.99888485607502
Liszt,1933,1,1.58864628505393,33,-0.589017342501914,32.9947428929251
Mozart,1933,4,1.58864628505393,37,-0.660413384017297,36.9941056678251
Prokofiev,1933,3,1.58864628505393,30,-0.535470311365376,29.9952208117501
Rachmaninoff,1933,1,1.58864628505393,35,-0.624715363259606,34.9944242803751
Ravel,1933,2,1.58864628505393,29,-0.51762130098653,28.9953801180251
Schumann,1933,2,1.58864628505393,31,-0.553319321744222,30.9950615054751
Beethoven,1934,1,1.5707963267949,38,2.32682891837997E-15,38
Brahms,1934,1,1.5707963267949,36,2.20436423846524E-15,36
Liszt,1934,1,1.5707963267949,33,2.02066721859313E-15,33
MacDowell,1934,1,1.5707963267949,21,1.28587913910472E-15,21
Mozart,1934,10,1.5707963267949,37,2.2655965784226E-15,37
Rachmaninoff,1934,1,1.5707963267949,35,2.14313189850787E-15,35
Saint-Saëns,1934,1,1.5707963267949,27,1.65327317884893E-15,27
Schumann,1934,3,1.5707963267949,31,1.8982025386784E-15,31
Beethoven,1935,3,1.55294636853586,38,0.678262394396156,37.9939463615501
Brahms,1935,3,1.55294636853586,36,0.642564373638464,35.9942649741001
Grieg,1935,1,1.55294636853586,28,0.499772290607694,27.9955394243001
Haydn,1935,1,1.55294636853586,19,0.339131197198078,18.9969731807751
Mozart,1935,5,1.55294636853586,37,0.66041338401731,36.9941056678251
Shostakovich,1935,4,1.55294636853586,20,0.356980207576924,19.9968138745001
Beethoven,1936,7,1.53509641027683,38,1.35630868588126,37.9757873749657
Bloch,1936,1,1.53509641027683,2,0.071384667677961,1.99872565131398
Brahms,1936,6,1.53509641027683,36,1.2849240182033,35.9770617236517
Chopin,1936,1,1.53509641027683,32,1.14215468284738,31.9796104210237
Gershwin,1936,2,1.53509641027683,25,0.892308345974512,24.9840706414248
Liszt,1936,1,1.53509641027683,33,1.17784701668636,32.9789732466807
Mozart,1936,4,1.53509641027683,37,1.32061635204228,36.9764245493087
Schumann,1936,3,1.53509641027683,31,1.1064623490084,30.9802475953667
Beethoven,1937,5,1.5172464520178,38,2.03392284039737,37.9455288259277
Brahms,1937,5,1.5172464520178,36,1.92687426985014,35.9483957298262
Gershwin,1937,1,1.5172464520178,25,1.33810713184038,24.9641637012682
Mozart,1937,8,1.5172464520178,37,1.98039855512376,36.946962277877
Poulenc,1937,3,1.5172464520178,15,0.802864279104227,14.9784982207609
Rachmaninoff,1937,4,1.5172464520178,35,1.87334998457653,34.9498291817755
Saint-Saëns,1937,1,1.5172464520178,27,1.44515570238761,26.9612967973697
Schumann,1937,1,1.5172464520178,31,1.65925284348207,30.9555629895726
Tchaikovsky,1937,1,1.5172464520178,34,1.81982569930291,33.9512626337248
Beethoven,1938,9,1.49939649375876,38,2.71088896157083,37.9031803551896
Chopin,1938,3,1.49939649375876,32,2.28285386237544,31.9184676675281
Liszt,1938,3,1.49939649375876,33,2.35419304557467,32.9159197821384
Mendelssohn,1938,2,1.49939649375876,24,1.71214039678158,23.9388507506461
Mozart,1938,4,1.49939649375876,37,2.6395497783716,36.9057282405794
Rachmaninoff,1938,2,1.49939649375876,35,2.49687141197313,34.9108240113589
Ravel,1938,5,1.49939649375876,29,2.06883631277774,28.9261113236974
Rubinstein,1938,2,1.49939649375876,23,1.64080121358234,22.9413986360358
Saint-Saëns,1938,1,1.49939649375876,27,1.92615794637927,26.9312070944768
Schumann,1938,1,1.49939649375876,31,2.2115146791762,30.9210155529179
Tchaikovsky,1938,1,1.49939649375876,34,2.4255322287739,33.9133718967486
Beethoven,1939,7,1.48154653549973,38,3.38699135949948,37.8487554555057
Brahms,1939,2,1.48154653549973,36,3.20872865636793,35.8567156946897
Chopin,1939,3,1.48154653549973,32,2.85220325010483,31.8726361730575
Gershwin,1939,1,1.48154653549973,25,2.2282837891444,24.9004970102011
Honegger,1939,1,1.48154653549973,7,0.623919460960431,6.97213916285632
Liszt,1939,1,1.48154653549973,33,2.9413346016706,32.8686560534655
Mendelssohn,1939,1,1.48154653549973,24,2.13915243757862,23.9044771297931
Mozart,1939,3,1.48154653549973,37,3.29786000793371,36.8527355750977
Rachmaninoff,1939,3,1.48154653549973,35,3.11959730480215,34.8606958142816
Saint-Saëns,1939,1,1.48154653549973,27,2.40654649227595,26.8925367710172
Schumann,1939,3,1.48154653549973,31,2.76307189853905,30.8766162926494
Szymanowski,1939,1,1.48154653549973,10,0.891313515657758,9.96019880408046
Tchaikovsky,1939,1,1.48154653549973,34,3.03046595323638,33.8646759338736
Beethoven,1940,11,1.4636965772407,38,4.06201461947429,37.7822714673321
Brahms,1940,4,1.4636965772407,36,3.84822437634406,35.7937308637883
Chopin,1940,2,1.4636965772407,32,3.42064389008361,31.8166496567007
Gershwin,1940,1,1.4636965772407,25,2.67237803912782,24.8567575442974
Haydn,1940,1,1.4636965772407,19,2.03100730973714,18.8911357336661
Liszt,1940,2,1.4636965772407,33,3.52753901164872,32.8109199584726
MacDowell,1940,2,1.4636965772407,21,2.24479755286737,20.8796763372098
Mozart,1940,7,1.4636965772407,37,3.95511949790917,36.7880011655602
Rachmaninoff,1940,4,1.4636965772407,35,3.74132925477895,34.7994605620164
Schumann,1940,2,1.4636965772407,31,3.3137487685185,30.8223793549288
Tchaikovsky,1940,7,1.4636965772407,34,3.63443413321383,33.8051902602445
Bach,1941,1,1.44584661898167,22,2.74174633561809,21.8284865950694
Beethoven,1941,6,1.44584661898167,38,4.73574367061306,37.7037495733017
Brahms,1941,7,1.44584661898167,36,4.48649400373869,35.7193417010227
Chopin,1941,2,1.44584661898167,32,3.98799466998995,31.7505259564646
Gershwin,1941,1,1.44584661898167,25,3.11562083592965,24.805098403488
Grieg,1941,3,1.44584661898167,28,3.4894953362412,27.7817102119065
Liszt,1941,4,1.44584661898167,33,4.11261950342713,32.7427298926041
Mendelssohn,1941,1,1.44584661898167,24,2.99099600249246,23.8128944673484
Mozart,1941,10,1.44584661898167,37,4.61111883717587,36.7115456371622
Rachmaninoff,1941,3,1.44584661898167,35,4.3618691703015,34.7271377648831
Ravel,1941,3,1.44584661898167,29,3.61412016967839,28.773914148046
Saint-Saëns,1941,1,1.44584661898167,27,3.36487050280402,26.789506275767
Schumann,1941,4,1.44584661898167,31,3.86336983655276,30.7583220203251
Tchaikovsky,1941,4,1.44584661898167,34,4.23724433686432,33.7349338287436
Beethoven,1942,5,1.42799666072263,38,5.40796385438484,37.6132147914754
Brahms,1942,3,1.42799666072263,36,5.12333417783827,35.6335719077136
Gershwin,1942,2,1.42799666072263,25,3.55787095683213,24.7455360470233
Khachaturian,1942,1,1.42799666072263,11,1.56546322100614,10.8880358606903
Liszt,1942,2,1.42799666072263,33,4.69638966301842,32.6641075820708
MacDowell,1942,1,1.42799666072263,21,2.98861160373899,20.7862502794996
Mendelssohn,1942,1,1.42799666072263,24,3.41555611855885,23.7557146051424
Rachmaninoff,1942,1,1.42799666072263,35,4.98101933956499,34.6437504658326
Schumann,1942,3,1.42799666072263,31,4.41175998647185,30.6844646983089
Shostakovich,1942,1,1.42799666072263,20,2.84629676546571,19.7964288376187
Tchaikovsky,1942,3,1.42799666072263,34,4.8387045012917,33.6539290239517
Bartók,1943,2,1.4101467024636,26,4.15894699521237,25.6652130303065
Beethoven,1943,10,1.4101467024636,38,6.07846099300269,37.510695967371
Brahms,1943,3,1.4101467024636,36,5.75854199337097,35.5364488111936
Chopin,1943,3,1.4101467024636,32,5.11870399410753,31.5879544988388
Gershwin,1943,1,1.4101467024636,25,3.99898749539651,24.6780894522178
Grieg,1943,1,1.4101467024636,28,4.47886599484409,27.6394601864839
Khachaturian,1943,1,1.4101467024636,11,1.75955449797446,10.8583593589758
Liszt,1943,7,1.4101467024636,33,5.27866349392339,32.5750780769275
Mozart,1943,2,1.4101467024636,37,5.91850149318683,36.5235723892823
Prokofiev,1943,2,1.4101467024636,30,4.79878499447581,29.6137073426613
Rachmaninoff,1943,4,1.4101467024636,35,5.59858249355511,34.5493252331049
Schumann,1943,3,1.4101467024636,31,4.95874449429167,30.60083092075
Szymanowski,1943,3,1.4101467024636,10,1.5995949981586,9.87123578088711
Tchaikovsky,1943,2,1.4101467024636,34,5.43862299373925,33.5622016550162
Beethoven,1944,10,1.39229674420457,38,6.74702145766353,37.3962257647724
Brahms,1944,6,1.39229674420457,36,6.39191506515492,35.4280033561002
Chopin,1944,6,1.39229674420457,32,5.68170228013771,31.4915585387557
Gershwin,1944,1,1.39229674420457,25,4.43882990635759,24.6027801084029
Grieg,1944,1,1.39229674420457,28,4.9714894951205,27.5551137214112
Mozart,1944,8,1.39229674420457,37,6.56946826140923,36.4121145604363
Prokofiev,1944,2,1.39229674420457,30,5.3265958876291,29.5233361300835
Rachmaninoff,1944,5,1.39229674420457,35,6.21436186890062,34.4438921517641
Ravel,1944,1,1.39229674420457,29,5.1490426913748,28.5392249257474
Rubinstein,1944,3,1.39229674420457,23,4.08372351384898,22.6345576997307
Saint-Saëns,1944,4,1.39229674420457,27,4.79393629886619,26.5710025170751
Schumann,1944,1,1.39229674420457,31,5.50414908388341,30.5074473344196
Tchaikovsky,1944,2,1.39229674420457,34,6.03680867264632,33.4597809474279
Beethoven,1945,22,1.37444678594553,38,7.41343223661288,37.2698406553228
Gershwin,1945,1,1.37444678594553,25,4.87725805040321,24.5196320100808
Grieg,1945,3,1.37444678594553,28,5.46252901645159,27.4619878512905
Haydn,1945,4,1.37444678594553,19,3.70671611830644,18.6349203276614
Liszt,1945,1,1.37444678594553,33,6.43798062653223,32.3659142533066
Mozart,1945,5,1.37444678594553,37,7.21834191459675,36.2890553749195
Prokofiev,1945,1,1.37444678594553,30,5.85270966048385,29.4235584120969
Rachmaninoff,1945,4,1.37444678594553,35,6.82816127056449,34.3274848141131
Schumann,1945,1,1.37444678594553,31,6.04779998249998,30.4043436925001
Stravinsky,1945,2,1.37444678594553,18,3.51162579629031,17.6541350472581
Tchaikovsky,1945,2,1.37444678594553,34,6.63307094854836,33.3466995337098
Beethoven,1946,8,1.3565968276865,38,8.07748100301312,37.1315809069041
Brahms,1946,6,1.3565968276865,36,7.65235042390717,35.1772871749617
Chopin,1946,3,1.3565968276865,32,6.80208926569526,31.2686997110771
Gershwin,1946,6,1.3565968276865,25,5.31413223882442,24.428671649279
Grieg,1946,4,1.3565968276865,28,5.95182810748335,27.3601122471925
Khachaturian,1946,3,1.3565968276865,11,2.33821818508275,10.7486155256828
Liszt,1946,3,1.3565968276865,33,7.01465455524824,32.2458465770483
Litolff,1946,1,1.3565968276865,6,1.27539173731786,5.86288119582696
Mendelssohn,1946,1,1.3565968276865,24,5.10156694927144,23.4515247833078
Mozart,1946,4,1.3565968276865,37,7.86491571346014,36.1544340409329
Poulenc,1946,1,1.3565968276865,15,3.18847934329465,14.6572029895674
Prokofiev,1946,1,1.3565968276865,30,6.3769586865893,29.3144059791348
Rachmaninoff,1946,9,1.3565968276865,35,7.43978513435419,34.2001403089906
Ravel,1946,1,1.3565968276865,29,6.16439339703633,28.3372591131636
Rubinstein,1946,1,1.3565968276865,23,4.88900165971847,22.4743779173367
Saint-Saëns,1946,1,1.3565968276865,27,5.73926281793037,26.3829653812213
Schumann,1946,1,1.3565968276865,31,6.58952397614228,30.2915528451059
Tchaikovsky,1946,6,1.3565968276865,34,7.22721984480121,33.2229934430194
Bach,1947,1,1.33874686942747,22,5.05939568465937,21.4103366462569
Beethoven,1947,6,1.33874686942747,38,8.73895618259346,36.9814905708073
Chopin,1947,3,1.33874686942747,32,7.35912099586818,31.1423078491009
Gershwin,1947,4,1.33874686942747,25,5.74931327802201,24.3299280071101
Grieg,1947,1,1.33874686942747,28,6.43923087138466,27.2495193679633
Liszt,1947,1,1.33874686942747,33,7.58909352698906,32.1155049693853
Mendelssohn,1947,1,1.33874686942747,24,5.51934074690113,23.3567308868257
Mozart,1947,3,1.33874686942747,37,8.50898365147258,36.0082934505229
Prokofiev,1947,1,1.33874686942747,30,6.89917593362642,29.1959136085321
Rachmaninoff,1947,3,1.33874686942747,35,8.04903858923082,34.0618992099541
Schumann,1947,2,1.33874686942747,31,7.1291484647473,30.1691107288165
Shostakovich,1947,4,1.33874686942747,20,4.59945062241761,19.4639424056881
Tchaikovsky,1947,4,1.33874686942747,34,7.81906605810994,33.0887020896697
Beethoven,1948,5,1.32089691116844,38,9.39764702106019,36.8196174676973
Bloch,1948,4,1.32089691116844,2,0.494613001108431,1.93787460356301
Brahms,1948,5,1.32089691116844,36,8.90303401995175,34.8817428641343
Chopin,1948,3,1.32089691116844,32,7.91380801773489,31.0059936570082
Gershwin,1948,1,1.32089691116844,25,6.18266251385539,24.2234325445377
Grieg,1948,2,1.32089691116844,28,6.92458201551803,27.1302444498822
Liszt,1948,2,1.32089691116844,33,8.16111451828911,31.9749309587897
MacDowell,1948,1,1.32089691116844,21,5.19343651163852,20.3476833374117
Mozart,1948,6,1.32089691116844,37,9.15034052050597,35.8506801659158
Prokofiev,1948,2,1.32089691116844,30,7.41919501662646,29.0681190534452
Rachmaninoff,1948,1,1.32089691116844,35,8.65572751939754,33.9128055623528
Schumann,1948,6,1.32089691116844,31,7.66650151718068,30.0370563552267
Tchaikovsky,1948,5,1.32089691116844,34,8.40842101884332,32.9438682605713
Beethoven,1949,10,1.3030469529094,38,10.0533436512456,36.6460131723761
Brahms,1949,3,1.3030469529094,36,9.52422030118004,34.7172756369878
Britten,1949,4,1.3030469529094,9,2.38105507529501,8.67931890924696
Chopin,1949,1,1.3030469529094,32,8.46597360104893,30.8598005662114
Gershwin,1949,3,1.3030469529094,25,6.61404187581948,24.1092191923527
Grieg,1949,1,1.3030469529094,28,7.40772690091781,27.002325495435
Honegger,1949,2,1.3030469529094,7,1.85193172522945,6.75058137385875
Khachaturian,1949,2,1.3030469529094,11,2.91017842536057,10.6080564446352
Liszt,1949,2,1.3030469529094,33,8.73053527608171,31.8241693339055
Mozart,1949,4,1.3030469529094,37,9.78878197621282,35.681644404682
Poulenc,1949,1,1.3030469529094,15,3.96842512549168,14.4655315154116
Prokofiev,1949,2,1.3030469529094,30,7.93685025098337,28.9310630308232
Rachmaninoff,1949,3,1.3030469529094,35,9.25965862614727,33.7529068692937
Saint-Saëns,1949,1,1.3030469529094,27,7.14316522588503,26.0379567277409
Schumann,1949,1,1.3030469529094,31,8.20141192601615,29.8954317985173
Tchaikovsky,1949,1,1.3030469529094,34,8.99509695111449,32.7885381015996
Beethoven,1950,13,1.28519699465037,38,10.7058371599743,36.4607329973509
Brahms,1950,4,1.28519699465037,36,10.1423720462915,34.5417470501219
Chopin,1950,2,1.28519699465037,32,9.01544181892575,30.7037751556639
Gershwin,1950,1,1.28519699465037,25,7.04331392103574,23.9873243403624
Grieg,1950,1,1.28519699465037,28,7.88851159156003,26.8658032612059
Khachaturian,1950,1,1.28519699465037,11,3.09905812525573,10.5544227097595
Mendelssohn,1950,1,1.28519699465037,24,6.76158136419431,23.0278313667479
Mozart,1950,8,1.28519699465037,37,10.4241046031329,35.5012400237364
Poulenc,1950,1,1.28519699465037,15,4.22598835262144,14.3923946042175
Rachmaninoff,1950,2,1.28519699465037,35,9.86063948945004,33.5822540765074
Schumann,1950,1,1.28519699465037,31,8.73370926208432,29.7442821820494
Tchaikovsky,1950,5,1.28519699465037,34,9.57890693260861,32.6227611028929
Bartók,1951,1,1.26734703639134,26,7.76915555316495,24.8120982988285
Beethoven,1951,6,1.26734703639134,38,11.3549196546257,36.2638359752108
Brahms,1951,14,1.26734703639134,36,10.7572923043822,34.3552130291471
Chopin,1951,4,1.26734703639134,32,9.56203760389533,30.5379671370196
Gershwin,1951,1,1.26734703639134,25,7.47034187804323,23.8577868257966
Liszt,1951,1,1.26734703639134,33,9.86085127901706,31.4922786100515
Mendelssohn,1951,1,1.26734703639134,24,7.1715282029215,22.9034753527647
Mozart,1951,5,1.26734703639134,37,11.056105979504,35.309524502179
Prokofiev,1951,3,1.26734703639134,30,8.96441025365187,28.6293441909559
Rachmaninoff,1951,8,1.26734703639134,35,10.4584786292605,33.4009015561152
Saint-Saëns,1951,1,1.26734703639134,27,8.06796922828668,25.7664097718603
Schumann,1951,6,1.26734703639134,31,9.2632239287736,29.5836556639878
Tchaikovsky,1951,1,1.26734703639134,34,10.1596649541388,32.4465900830834
Beethoven,1952,13,1.2494970781323,38,12.0003843293709,36.0553848398181
Brahms,1952,5,1.2494970781323,36,11.3687851541409,34.1577330061435
Chopin,1952,1,1.2494970781323,32,10.1055868036808,30.3624293387942
Dvorak,1952,2,1.2494970781323,14,4.42119422661035,13.2835628357225
Gershwin,1952,2,1.2494970781323,25,7.89498969037562,23.720647920933
Grieg,1952,3,1.2494970781323,28,8.84238845322069,26.5671256714449
Liszt,1952,5,1.2494970781323,33,10.4213863912958,31.3112552556315
Mendelssohn,1952,1,1.2494970781323,24,7.5791901027606,22.7718220040957
Mozart,1952,3,1.2494970781323,37,11.6845847417559,35.1065589229808
Prokofiev,1952,2,1.2494970781323,30,9.47398762845074,28.4647775051196
Rachmaninoff,1952,2,1.2494970781323,35,11.0529855665259,33.2089070893062
Ravel,1952,1,1.2494970781323,29,9.15818804083572,27.5159515882823
Rubinstein,1952,2,1.2494970781323,23,7.26339051514557,21.8229960872584
Saint-Saëns,1952,1,1.2494970781323,27,8.52658886560567,25.6182997546076
Schumann,1952,2,1.2494970781323,31,9.78978721606577,29.4136034219569
Szymanowski,1952,2,1.2494970781323,10,3.15799587615025,9.4882591683732
Tchaikovsky,1952,3,1.2494970781323,34,10.7371859789108,32.2600811724689
Beethoven,1953,9,1.23164711987327,38,12.6420255310641,35.8354460063207
Brahms,1953,10,1.23164711987327,36,11.9766557662713,33.9493699007248
Gershwin,1953,1,1.23164711987327,25,8.3171220599106,23.5759513199478
Liszt,1953,2,1.23164711987327,33,10.978601119082,31.1202557423311
Mendelssohn,1953,1,1.23164711987327,24,7.98443717751418,22.6329132671499
Mozart,1953,11,1.23164711987327,37,12.3093406486677,34.8924079535227
Prokofiev,1953,2,1.23164711987327,30,9.98054647189272,28.2911415839374
Rachmaninoff,1953,3,1.23164711987327,35,11.6439708838748,33.0063318479269
Ravel,1953,1,1.23164711987327,29,9.6478615894963,27.3481035311394
Saint-Saëns,1953,4,1.23164711987327,27,8.98249182470345,25.4620274255436
Schumann,1953,2,1.23164711987327,31,10.3132313542891,29.2341796367353
Tchaikovsky,1953,2,1.23164711987327,34,11.3112860014784,32.063293795129
Beethoven,1954,17,1.21379716161424,38,13.2796388247657,35.6040895499909
Brahms,1954,3,1.21379716161424,36,12.5807104655675,33.7301900999914
Chausson,1954,1,1.21379716161424,4,1.39785671839639,3.74779889999905
Chopin,1954,3,1.21379716161424,32,11.1828537471711,29.9823911999924
Gershwin,1954,2,1.21379716161424,25,8.73660448997746,23.423743124994
Grieg,1954,1,1.21379716161424,28,9.78499702877476,26.2345922999933
MacDowell,1954,1,1.21379716161424,21,7.33874777158107,19.675944224995
Mendelssohn,1954,2,1.21379716161424,24,8.38714031037836,22.4867933999943
Mozart,1954,9,1.21379716161424,37,12.9301746451666,34.6671398249912
Poulenc,1954,1,1.21379716161424,15,5.24196269398648,14.0542458749964
Prokofiev,1954,6,1.21379716161424,30,10.483925387973,28.1084917499929
Rachmaninoff,1954,5,1.21379716161424,35,12.2312462859684,32.7932403749917
Schoenberg,1954,1,1.21379716161424,12,4.19357015518918,11.2433966999971
Schumann,1954,1,1.21379716161424,31,10.8333895675721,29.0454414749926
Tchaikovsky,1954,1,1.21379716161424,34,11.8817821063693,31.8562906499919
Beethoven,1955,15,1.19594720335521,38,13.9130210588784,35.3613891838995
Brahms,1955,8,1.19594720335521,36,13.1807567926217,33.5002634373785
Chopin,1955,5,1.19594720335521,32,11.7162282601081,29.7780119443364
Gershwin,1955,1,1.19594720335521,25,9.15330332820949,23.2640718315128
Grieg,1955,3,1.19594720335521,28,10.2516997275946,26.0557604512944
Khachaturian,1955,1,1.19594720335521,11,4.02745346441217,10.2361916058656
Mendelssohn,1955,2,1.19594720335521,24,8.78717119508111,22.3335089582523
Mozart,1955,16,1.19594720335521,37,13.54688892575,34.430826310639
Rachmaninoff,1955,1,1.19594720335521,35,12.8146246594933,32.569700564118
Saint-Saëns,1955,3,1.19594720335521,27,9.88556759446625,25.1251975780339
Schumann,1955,1,1.19594720335521,31,11.3500961269798,28.8474490710759
Tchaikovsky,1955,1,1.19594720335521,34,12.4484925263649,31.6391376908575
Bartók,1956,2,1.17809724509617,26,9.94976924149234,24.0208678452935
Beethoven,1956,10,1.17809724509617,38,14.5419704298734,35.1074222354289
Brahms,1956,4,1.17809724509617,36,13.7766035651432,33.2596631704063
Chopin,1956,1,1.17809724509617,32,12.2458698356829,29.5641450403612
Gershwin,1956,1,1.17809724509617,25,9.56708580912725,23.0969883127822
Liszt,1956,2,1.17809724509617,33,12.628553268048,30.4880245728725
Mozart,1956,10,1.17809724509617,37,14.1592869975083,34.1835427029176
Prokofiev,1956,3,1.17809724509617,30,11.4805029709527,27.7163859753386
Rachmaninoff,1956,5,1.17809724509617,35,13.3939201327781,32.335783637895
Ravel,1956,2,1.17809724509617,29,11.0978195385876,26.7925064428273
Schumann,1956,1,1.17809724509617,31,11.8631864033178,28.6402655078499
Tchaikovsky,1956,4,1.17809724509617,34,13.0112367004131,31.4119041053837
Bartók,1957,2,1.16024728683714,26,10.3769329002969,23.8394476358563
Beethoven,1957,12,1.16024728683714,38,15.1662865465878,34.8422696216361
Brahms,1957,5,1.16024728683714,36,14.3680609388727,33.0084659573395
Chopin,1957,4,1.16024728683714,32,12.7716097234424,29.3408586287462
Gershwin,1957,2,1.16024728683714,25,9.97782009643936,22.922545803708
Grieg,1957,3,1.16024728683714,28,11.1751585080121,25.673251300153
Honegger,1957,3,1.16024728683714,7,2.79378962700302,6.41831282503824
Liszt,1957,1,1.16024728683714,33,13.1707225273,30.2577604608945
Mendelssohn,1957,2,1.16024728683714,24,9.57870729258178,22.0056439715597
Mozart,1957,5,1.16024728683714,37,14.7671737427302,33.9253677894878
Prokofiev,1957,1,1.16024728683714,30,11.9733841157272,27.5070549644496
Rachmaninoff,1957,5,1.16024728683714,35,13.9689481350151,32.0915641251912
Ravel,1957,3,1.16024728683714,29,11.5742713118697,26.5901531323013
Schumann,1957,4,1.16024728683714,31,12.3724969195848,28.4239567965979
Tchaikovsky,1957,2,1.16024728683714,34,13.5698353311575,31.1746622930429
Beethoven,1958,10,1.14239732857811,38,15.7857704940717,34.5660158234717
Brahms,1958,3,1.14239732857811,36,14.9549404680679,32.7467518327627
Britten,1958,1,1.14239732857811,9,3.73873511701698,8.18668795819067
Chausson,1958,1,1.14239732857811,4,1.66166005200755,3.63852798141807
Chopin,1958,4,1.14239732857811,32,13.2932804160604,29.1082238513446
Gershwin,1958,2,1.14239732857811,25,10.3853753250472,22.740799883863
Grieg,1958,1,1.14239732857811,28,11.6316203640528,25.4696958699265
Liszt,1958,5,1.14239732857811,33,13.7086954290623,30.0178558466991
MacDowell,1958,1,1.14239732857811,21,8.72371527303961,19.1022719024449
Mendelssohn,1958,2,1.14239732857811,24,9.96996031204527,21.8311678885084
Mozart,1958,2,1.14239732857811,37,15.3703554810698,33.6563838281172
Prokofiev,1958,5,1.14239732857811,30,12.4624503900566,27.2889598606356
Rachmaninoff,1958,6,1.14239732857811,35,14.539525455066,31.8371198374081
Ravel,1958,12,1.14239732857811,29,12.0470353770547,26.379327865281
Schoenberg,1958,3,1.14239732857811,12,4.98498015602264,10.9155839442542
Schumann,1958,4,1.14239732857811,31,12.8778654030585,28.1985918559901
Shostakovich,1958,3,1.14239732857811,20,8.30830026003773,18.1926399070904
Tchaikovsky,1958,2,1.14239732857811,34,14.1241104420641,30.9274878420536
Bach,1959,7,1.12454737031907,22,9.49486704561121,19.8455914446047
Beethoven,1959,26,1.12454737031907,38,16.4002248969648,34.2787488588626
Brahms,1959,6,1.12454737031907,36,15.5370551655456,32.4746041820804
Gershwin,1959,1,1.12454737031907,25,10.78962164274,22.551808459778
Grieg,1959,1,1.12454737031907,28,12.0843762398688,25.2580254749514
Mozart,1959,25,1.12454737031907,37,15.9686400312552,33.3766765204715
Prokofiev,1959,1,1.12454737031907,30,12.947545971288,27.0621701517336
Rachmaninoff,1959,4,1.12454737031907,35,15.105470299836,31.5725318436893
Saint-Saëns,1959,1,1.12454737031907,27,11.6527913741592,24.3559531365603
Schumann,1959,2,1.12454737031907,31,13.3791308369976,27.9642424901248
Stravinsky,1959,7,1.12454737031907,18,7.76852758277281,16.2373020910402
Tchaikovsky,1959,2,1.12454737031907,34,14.6738854341264,30.6704595052981
Bartók,1960,3,1.10669741206004,26,11.6380474616305,23.2498570163525
Beethoven,1960,20,1.10669741206004,38,17.0094539823831,33.980560254669
Brahms,1960,9,1.10669741206004,36,16.1142195622577,32.1921097149496
Gershwin,1960,2,1.10669741206004,25,11.1904302515678,22.3556317464928
Liszt,1960,5,1.10669741206004,33,14.7713679320695,29.5094339053705
Mozart,1960,21,1.10669741206004,37,16.5618367723204,33.0863349848093
Prokofiev,1960,2,1.10669741206004,30,13.4285163018814,26.8267580957913
Rachmaninoff,1960,8,1.10669741206004,35,15.6666023521949,31.2978844450899
Ravel,1960,4,1.10669741206004,29,12.9808990918187,25.9325328259316
Saint-Saëns,1960,1,1.10669741206004,27,12.0856646716932,24.1440822862122
Schumann,1960,3,1.10669741206004,31,13.8761335119441,27.7209833656511
Tchaikovsky,1960,1,1.10669741206004,34,15.2189851421322,30.4036591752302
Beethoven,1961,4,1.08884745380101,38,17.613263642294,33.6715450175225
Brahms,1961,1,1.08884745380101,36,16.6862497663838,31.8993584376529
Chopin,1961,5,1.08884745380101,32,14.8322220145634,28.3549852779137
Gershwin,1961,1,1.08884745380101,25,11.5876734488776,22.1523322483701
Khachaturian,1961,6,1.08884745380101,11,5.09857631750616,9.74702618928283
Liszt,1961,4,1.08884745380101,33,15.2957289525185,29.2410785678485
Mozart,1961,1,1.08884745380101,37,17.1497567043389,32.7854517275877
Poulenc,1961,4,1.08884745380101,15,6.95260406932658,13.291399349022
Prokofiev,1961,9,1.08884745380101,30,13.9052081386532,26.5827986980441
Rachmaninoff,1961,3,1.08884745380101,35,16.2227428284287,31.0132651477181
Ravel,1961,6,1.08884745380101,29,13.4417012006981,25.6967054081093
Saint-Saëns,1961,4,1.08884745380101,27,12.5146873247879,23.9245188282397
Schumann,1961,2,1.08884745380101,31,14.3687150766083,27.4688919879789
Tchaikovsky,1961,1,1.08884745380101,34,15.7592358904736,30.1271718577833
Beethoven,1962,14,1.07099749554197,38,18.2114614953622,33.3518016035557
Brahms,1962,11,1.07099749554197,36,17.252963521922,31.5964436244212
Gershwin,1962,1,1.07099749554197,25,11.9812246680014,21.9419747391814
Mendelssohn,1962,1,1.07099749554197,24,11.5019756812814,21.0642957496141
Mozart,1962,1,1.07099749554197,37,17.7322125086421,32.4741226139885
Prokofiev,1962,1,1.07099749554197,30,14.3774696016017,26.3303696870177
Rachmaninoff,1962,4,1.07099749554197,35,16.773714535202,30.7187646348539
Schumann,1962,5,1.07099749554197,31,14.8567185883218,27.2080486765849
Shostakovich,1962,2,1.07099749554197,20,9.58497973440114,17.5535797913451
Tchaikovsky,1962,5,1.07099749554197,34,16.2944655484819,29.8410856452867
Barber,1963,4,1.05314753728294,13,6.43289842966248,11.296805645564
Bartók,1963,4,1.05314753728294,26,12.865796859325,22.5936112911279
Beethoven,1963,16,1.05314753728294,38,18.8038569482442,33.0214318870331
Chopin,1963,3,1.05314753728294,32,15.8348269037846,27.8075215890805
Gershwin,1963,1,1.05314753728294,25,12.3709585185817,21.7246262414692
Liszt,1963,10,1.05314753728294,33,16.3296652445278,28.6765066387393
Mendelssohn,1963,3,1.05314753728294,24,11.8761201778384,20.8556411918104
Mozart,1963,2,1.05314753728294,37,18.3090186075009,32.1524468373744
Prokofiev,1963,1,1.05314753728294,30,14.845150222298,26.069551489763
Rachmaninoff,1963,5,1.05314753728294,35,17.3193419260144,30.4144767380568
Ravel,1963,4,1.05314753728294,29,14.3503118815548,25.2005664401042
Saint-Saëns,1963,1,1.05314753728294,27,13.3606352000682,23.4625963407867
Tchaikovsky,1963,4,1.05314753728294,34,16.8245035852711,29.5454916883981
Bartók,1964,1,1.03529757902391,26,13.2670208595834,22.3603702454002
Beethoven,1964,6,1.03529757902391,38,19.3902612563142,32.6805411278926
Brahms,1964,8,1.03529757902391,36,18.3697211901924,30.9605126474772
Copland,1964,5,1.03529757902391,16,8.16432052897439,13.7602278433232
Dvorak,1964,1,1.03529757902391,14,7.14378046285259,12.0401993629078
Gershwin,1964,4,1.03529757902391,25,12.7567508265225,21.5003560051925
Liszt,1964,2,1.03529757902391,33,16.8389110910097,28.3804699268541
Mozart,1964,6,1.03529757902391,37,18.8799912232533,31.8205268876849
Poulenc,1964,1,1.03529757902391,15,7.65405049591349,12.9002136031155
Prokofiev,1964,4,1.03529757902391,30,15.308100991827,25.800427206231
Ravel,1964,3,1.03529757902391,29,14.7978309587661,24.9404129660233
Saint-Saëns,1964,1,1.03529757902391,27,13.7772908926443,23.2203844856079
Schumann,1964,4,1.03529757902391,31,15.8183710248879,26.6604414464387
Bach,1965,4,1.01744762076488,22,11.5618612327265,18.7169272273837
Beethoven,1965,9,1.01744762076488,38,19.9704875838003,32.3292379382082
Chausson,1965,1,1.01744762076488,4,2.10215658776845,3.40307767770612
Chopin,1965,4,1.01744762076488,32,16.8172527021476,27.224621421649
Copland,1965,4,1.01744762076488,16,8.40862635107381,13.6123107108245
Grieg,1965,3,1.01744762076488,28,14.7150961143792,23.8215437439429
Liszt,1965,2,1.01744762076488,33,17.3427918490897,28.0753908410755
MacDowell,1965,1,1.01744762076488,21,11.0363220857844,17.8661578079571
Mendelssohn,1965,8,1.01744762076488,24,12.6129395266107,20.4184660662367
Mozart,1965,13,1.01744762076488,37,19.4449484368582,31.4784685187816
Prokofiev,1965,6,1.01744762076488,30,15.7661744082634,25.5230825827959
Rachmaninoff,1965,1,1.01744762076488,35,18.393870142974,29.7769296799286
Ravel,1965,4,1.01744762076488,29,15.2406352613213,24.6723131633694
Saint-Saëns,1965,3,1.01744762076488,27,14.189556967437,22.9707743245163
Tchaikovsky,1965,1,1.01744762076488,34,17.8683309960318,28.926160260502
Bartók,1966,5,0.999597662505843,26,14.0566612538455,21.8725918536107
Beethoven,1966,11,0.999597662505843,38,20.5443510633127,31.9676342475849
Brahms,1966,11,0.999597662505843,36,19.4630694284015,30.2851271819225
Chausson,1966,1,0.999597662505843,4,2.16256326982239,3.36501413132472
MacDowell,1966,9,0.999597662505843,21,11.3534571665676,17.6663241894548
Mozart,1966,14,0.999597662505843,37,20.0037102458571,31.1263807147537
Prokofiev,1966,1,0.999597662505843,30,16.2192245236679,25.2376059849354
Rachmaninoff,1966,4,0.999597662505843,35,18.9224286109459,29.4438736490913
Saint-Saëns,1966,3,0.999597662505843,27,14.5973020713011,22.7138453864419
Bartók,1967,5,0.98174770424681,26,14.4448260585097,21.6182099198662
Brahms,1967,2,0.98174770424681,36,20.0005283887057,29.9329060428916
Mozart,1967,3,0.98174770424681,37,20.5560986217253,30.7643756551942
Prokofiev,1967,3,0.98174770424681,30,16.6671069905881,24.9440883690764
Rachmaninoff,1967,10,0.98174770424681,35,19.4449581556861,29.1014364305891
Saint-Saëns,1967,1,0.98174770424681,27,15.0003962915293,22.4496795321687
Schumann,1967,4,0.98174770424681,31,17.2226772236077,25.7755579813789
Bartók,1968,4,0.963897745987777,26,14.8283885603091,21.3569401531328
Beethoven,1968,10,0.963897745987777,38,21.6722602035286,31.2139894545787
Brahms,1968,5,0.963897745987777,36,20.5316149296587,29.5711479043377
Chopin,1968,6,0.963897745987777,32,18.2503243819189,26.2854648038557
Gershwin,1968,2,0.963897745987777,25,14.2580659233741,20.5355193780123
Grieg,1968,2,0.963897745987777,28,15.969033834179,22.9997817033738
Mendelssohn,1968,4,0.963897745987777,24,13.6877432864391,19.7140986028918
Mozart,1968,7,0.963897745987777,37,21.1019375665937,30.3925686794582
Rachmaninoff,1968,4,0.963897745987777,35,19.9612922927237,28.7497271292172
Tchaikovsky,1968,2,0.963897745987777,34,19.3909696557888,27.9283063540967
Bach,1969,6,0.946047787728745,22,12.8676532358144,17.8444249053545
Barber,1969,3,0.946047787728745,13,7.60361327570849,10.5444328986186
Bartók,1969,4,0.946047787728745,26,15.207226551417,21.0888657972371
Beethoven,1969,16,0.946047787728745,38,22.2259464982248,30.822188472885
Chopin,1969,4,0.946047787728745,32,18.7165865248209,25.9555271350611
Grieg,1969,1,0.946047787728745,28,16.3770132092183,22.7110862431785
Haydn,1969,1,0.946047787728745,19,11.1129732491124,15.4110942364425
Liszt,1969,7,0.946047787728745,33,19.3014798537215,26.7666373580318
Litolff,1969,4,0.946047787728745,6,3.50935997340392,4.86666133782396
Mozart,1969,10,0.946047787728745,37,21.6410531693242,30.0110782499144
Prokofiev,1969,2,0.946047787728745,30,17.5467998670196,24.3333066891198
Rachmaninoff,1969,8,0.946047787728745,35,20.4712665115229,28.3888578039731
Ravel,1969,2,0.946047787728745,29,16.9619065381189,23.5221964661491
Schumann,1969,5,0.946047787728745,31,18.1316931959202,25.1444169120904
Bartók,1970,4,0.928197829469712,26,15.581219329295,20.8140722640334
Beethoven,1970,10,0.928197829469712,38,22.7725513274312,30.4205671551257
Grieg,1970,1,0.928197829469712,28,16.7797746623177,22.4151547458821
Haydn,1970,4,0.928197829469712,19,11.3862756637156,15.2102835775628
Mozart,1970,10,0.928197829469712,37,22.1732736609198,29.6200259142013
Prokofiev,1970,7,0.928197829469712,30,17.9783299953404,24.0162372277308
Rachmaninoff,1970,7,0.928197829469712,35,20.9747183278971,28.0189434323526
Ravel,1970,5,0.928197829469712,29,17.3790523288291,23.2156959868065
Bartók,1971,3,0.910347871210679,26,15.9502477351505,20.5326471061898
Beethoven,1971,8,0.910347871210679,38,23.3119005359893,30.0092534628928
Brahms,1971,5,0.910347871210679,36,22.0849584025161,28.429819070109
Chopin,1971,3,0.910347871210679,32,19.6310741355699,25.2709502845413
Grieg,1971,7,0.910347871210679,28,17.1771898686237,22.1120814989736
Liszt,1971,2,0.910347871210679,33,20.2445452023065,26.0606674809332
Mozart,1971,4,0.910347871210679,37,22.6984294692527,29.2195362665009
Prokofiev,1971,4,0.910347871210679,30,18.4041320020968,23.6915158917575
Rachmaninoff,1971,1,0.910347871210679,35,21.4714873357796,27.6401018737171
Ravel,1971,4,0.910347871210679,29,17.7906609353602,22.9017986953656
Schoenberg,1971,4,0.910347871210679,12,7.36165280083872,9.47660635670299
Bartók,1972,4,0.892497912951646,26,16.3141941919022,20.2446799892936
Beethoven,1972,3,0.892497912951646,38,23.8438222804724,29.5883784458907
Brahms,1972,3,0.892497912951646,36,22.5888842657107,28.0310953697912
Liszt,1972,6,0.892497912951646,33,20.7064772435681,25.6951707556419
Mozart,1972,14,0.892497912951646,37,23.2163532730915,28.8097369078409
Prokofiev,1972,1,0.892497912951646,30,18.8240702214256,23.3592461414927
Rachmaninoff,1972,8,0.892497912951646,35,21.9614152583298,27.2524538317414
Ravel,1972,5,0.892497912951646,29,18.1966012140447,22.5806046034429
Tchaikovsky,1972,7,0.892497912951646,34,21.333946250949,26.4738122936917
Beethoven,1973,6,0.874647954692613,38,24.3681470839371,29.1580762001818
Brahms,1973,3,0.874647954692613,36,23.0856130268878,27.6234406106985
Chopin,1973,4,0.874647954692613,32,20.5205449127892,24.554169431732
Grieg,1973,3,0.874647954692613,28,17.9554767986905,21.4848982527655
Mendelssohn,1973,4,0.874647954692613,24,15.3904086845919,18.415627073799
Mozart,1973,4,0.874647954692613,37,23.7268800554125,28.3907584054401
Rachmaninoff,1973,3,0.874647954692613,35,22.4443459983631,26.8561228159569
Schumann,1973,3,0.874647954692613,31,19.8792778842645,23.7868516369904
Scriabin,1973,4,0.874647954692613,3,1.92380108557398,2.30195338422488
Tchaikovsky,1973,2,0.874647954692613,34,21.8030789698385,26.0888050212153
Bartók,1974,4,0.85679799643358,26,17.0263790825774,19.6494889332107
Beethoven,1974,9,0.85679799643358,38,24.8847078899208,28.7184838254618
Brahms,1974,3,0.85679799643358,36,23.5749864220303,27.2069846767533
Liszt,1974,1,0.85679799643358,33,21.6104042201944,24.9397359536905
Mozart,1974,21,0.85679799643358,37,24.2298471559755,27.9627342511076
Prokofiev,1974,4,0.85679799643358,30,19.6458220183586,22.6724872306277
Rachmaninoff,1974,1,0.85679799643358,35,22.920125688085,26.451235102399
Ravel,1974,3,0.85679799643358,29,18.9909612844133,21.9167376562735
Saint-Saëns,1974,2,0.85679799643358,27,17.6812398165227,20.405238507565
Webern,1974,2,0.85679799643358,17,11.1326324770698,12.8477427640224
Bach,1975,5,0.838948038174547,22,14.7014074353867,16.3666923786927
Barber,1975,4,0.838948038174547,13,8.68719530272849,9.67122731468204
Beethoven,1975,17,0.838948038174547,38,25.3933401156679,28.2697413813783
Brahms,1975,1,0.838948038174547,36,24.0568485306327,26.7818602560426
Dvorak,1975,6,0.838948038174547,14,9.35544109524607,10.4151678773499
Gershwin,1975,3,0.838948038174547,25,16.7061448129394,18.5985140666962
Mozart,1975,13,0.838948038174547,37,24.7250943231503,27.5258008187104
Rachmaninoff,1975,7,0.838948038174547,35,23.3886027381152,26.0379196933747
Ravel,1975,5,0.838948038174547,29,19.3791279830097,21.5742763173676
Shostakovich,1975,2,0.838948038174547,20,13.3649158503515,14.878811253357
Tchaikovsky,1975,1,0.838948038174547,34,22.7203569455976,25.2939791307069
Beethoven,1976,5,0.821098079915514,38,25.8938817045679,27.8119918429056
Chopin,1976,4,0.821098079915514,32,21.8053740670045,23.4206247098152
Gershwin,1976,5,0.821098079915514,25,17.0354484898473,18.2973630545431
Grieg,1976,3,0.821098079915514,28,19.0797023086289,20.4930466210883
Liszt,1976,1,0.821098079915514,33,22.4867920065984,24.1525192319969
Mozart,1976,4,0.821098079915514,37,25.212463764974,27.0800973207238
Schumann,1976,4,0.821098079915514,31,21.1239561274106,22.6887301876335
Tchaikovsky,1976,4,0.821098079915514,34,23.1682099461923,24.8844137541787
Bartók,1977,4,0.803248121656481,26,18.0536974374344,18.7099975638046
Beethoven,1977,5,0.803248121656481,38,26.3861731777887,27.3453810547914
Brahms,1977,9,0.803248121656481,36,24.997427221063,25.9061504729603
Liszt,1977,1,0.803248121656481,33,22.9143082859744,23.7473046002136
Mozart,1977,15,0.803248121656481,37,25.6918001994258,26.6257657638758
Prokofiev,1977,8,0.803248121656481,30,20.8311893508858,21.5884587274669
Rachmaninoff,1977,2,0.803248121656481,35,24.3030542427001,25.1865351820447
Saint-Saëns,1977,4,0.803248121656481,27,18.7480704157972,19.4296128547202
Tchaikovsky,1977,1,0.803248121656481,34,23.6086812643373,24.4669198911291
Bach,1978,1,0.785398163397448,22,15.556349186104,15.556349186104
Beethoven,1978,10,0.785398163397448,38,26.8700576850888,26.8700576850888
Chopin,1978,5,0.785398163397448,32,22.6274169979695,22.6274169979695
Mozart,1978,15,0.785398163397448,37,26.1629509039023,26.1629509039023
Prokofiev,1978,4,0.785398163397448,30,21.2132034355964,21.2132034355964
Rachmaninoff,1978,3,0.785398163397448,35,24.7487373415292,24.7487373415292
Schumann,1978,8,0.785398163397448,31,21.920310216783,21.920310216783
Tchaikovsky,1978,4,0.785398163397448,34,24.0416305603426,24.0416305603426
Bartók,1979,4,0.767548205138415,26,18.7099975638046,18.0536974374344
Beethoven,1979,10,0.767548205138415,38,27.3453810547914,26.3861731777887
Brahms,1979,8,0.767548205138415,36,25.9061504729603,24.997427221063
Chopin,1979,7,0.767548205138415,32,23.027689309298,22.2199353076115
Mendelssohn,1979,1,0.767548205138415,24,17.2707669819735,16.6649514807087
Mozart,1979,13,0.767548205138415,37,26.6257657638758,25.6918001994258
Rachmaninoff,1979,4,0.767548205138415,35,25.1865351820447,24.3030542427001
Saint-Saëns,1979,3,0.767548205138415,27,19.4296128547202,18.7480704157972
Tchaikovsky,1979,5,0.767548205138415,34,24.4669198911291,23.6086812643373
Bach,1980,2,0.749698246879382,22,16.101679487998,14.9911946710656
Beethoven,1980,12,0.749698246879382,38,27.8119918429056,25.8938817045679
Liszt,1980,4,0.749698246879382,33,24.1525192319969,22.4867920065984
Mozart,1980,5,0.749698246879382,37,27.0800973207238,25.212463764974
Prokofiev,1980,4,0.749698246879382,30,21.9568356654518,20.4425381878167
Rachmaninoff,1980,1,0.749698246879382,35,25.6163082763604,23.8496278857862
Ravel,1980,4,0.749698246879382,29,21.22494114327,19.7611202482228
Saint-Saëns,1980,1,0.749698246879382,27,19.7611520989066,18.3982843690351
Stravinsky,1980,4,0.749698246879382,18,13.1741013992711,12.26552291269
Beethoven,1981,8,0.73184828862035,38,28.2697413813783,25.3933401156679
Brahms,1981,4,0.73184828862035,36,26.7818602560426,24.0568485306327
Britten,1981,4,0.73184828862035,9,6.69546506401064,6.01421213265819
Chopin,1981,3,0.73184828862035,32,23.8060980053712,21.3838653605624
Liszt,1981,3,0.73184828862035,33,24.550038568039,22.05211115308
Mozart,1981,12,0.73184828862035,37,27.5258008187104,24.7250943231503
Rachmaninoff,1981,5,0.73184828862035,35,26.0379196933747,23.3886027381152
Ravel,1981,8,0.73184828862035,29,21.5742763173676,19.3791279830097
Saint-Saëns,1981,4,0.73184828862035,27,20.0863951920319,18.0426363979746
Tchaikovsky,1981,2,0.73184828862035,34,25.2939791307069,22.7203569455976
Bartók,1982,6,0.713998330361317,26,19.6494889332107,17.0263790825774
Beethoven,1982,5,0.713998330361317,38,28.7184838254618,24.8847078899208
Liszt,1982,8,0.713998330361317,33,24.9397359536905,21.6104042201944
Mendelssohn,1982,2,0.713998330361317,24,18.1379897845022,15.7166576146868
Mozart,1982,17,0.713998330361317,37,27.9627342511076,24.2298471559755
Saint-Saëns,1982,1,0.713998330361317,27,20.405238507565,17.6812398165227
Webern,1982,3,0.713998330361317,17,12.8477427640224,11.1326324770698
Beethoven,1983,12,0.696148372102284,38,29.1580762001818,24.3681470839371
Chopin,1983,4,0.696148372102284,32,24.554169431732,20.5205449127891
Liszt,1983,4,0.696148372102284,33,25.3214872264736,21.1618119413138
Mendelssohn,1983,4,0.696148372102284,24,18.415627073799,15.3904086845919
Mozart,1983,12,0.696148372102284,37,28.3907584054402,23.7268800554125
Rachmaninoff,1983,4,0.696148372102284,35,26.8561228159569,22.4443459983631
Schumann,1983,4,0.696148372102284,31,23.7868516369904,19.8792778842645
Webern,1983,3,0.696148372102284,17,13.0444025106076,10.9015394849192
Beethoven,1984,8,0.678298413843251,38,29.5883784458907,23.8438222804724
Brahms,1984,2,0.678298413843251,36,28.0310953697912,22.5888842657107
Chopin,1984,5,0.678298413843251,32,24.9165292175922,20.0790082361873
Liszt,1984,8,0.678298413843251,33,25.6951707556419,20.7064772435681
Mendelssohn,1984,8,0.678298413843251,24,18.6873969131941,15.0592561771404
Mozart,1984,12,0.678298413843251,37,28.8097369078409,23.2163532730915
Ravel,1984,4,0.678298413843251,29,22.5806046034429,18.1966012140447
Tchaikovsky,1984,5,0.678298413843251,34,26.4738122936917,21.333946250949
Webern,1984,4,0.678298413843251,17,13.2369061468458,10.6669731254745
Bartók,1985,4,0.660448455584218,26,20.5326471061898,15.9502477351505
Beethoven,1985,14,0.660448455584218,38,30.0092534628928,23.3119005359893
Brahms,1985,4,0.660448455584218,36,28.429819070109,22.0849584025161
Chausson,1985,3,0.660448455584218,4,3.15886878556766,2.45388426694624
Copland,1985,3,0.660448455584218,16,12.6354751422707,9.81553706778495
Mendelssohn,1985,2,0.660448455584218,24,18.953212713406,14.7233056016774
Prokofiev,1985,4,0.660448455584218,30,23.6915158917575,18.4041320020968
Rachmaninoff,1985,3,0.660448455584218,35,27.6401018737171,21.4714873357796
Beethoven,1986,10,0.642598497325185,38,30.4205671551257,22.7725513274312
Chausson,1986,1,0.642598497325185,4,3.20216496369744,2.39711066604539
Dvorak,1986,5,0.642598497325185,14,11.207577372941,8.38988733115886
Liszt,1986,4,0.642598497325185,33,26.4178609505039,19.7761629948745
Mozart,1986,12,0.642598497325185,37,29.6200259142013,22.1732736609198
Prokofiev,1986,4,0.642598497325185,30,24.0162372277308,17.9783299953404
Schoenberg,1986,4,0.642598497325185,12,9.60649489109232,7.19133199813616
Stravinsky,1986,3,0.642598497325185,18,14.4097423366385,10.7869979972042
Tchaikovsky,1986,6,0.642598497325185,34,27.2184021914283,20.3754406613858
Webern,1986,3,0.642598497325185,17,13.6092010957141,10.1877203306929
Beethoven,1987,1,0.624748539066152,38,30.822188472885,22.2259464982248
Brahms,1987,4,0.624748539066152,36,29.1999680269437,21.0561598404235
Chopin,1987,8,0.624748539066152,32,25.9555271350611,18.7165865248209
Gershwin,1987,3,0.624748539066152,25,20.2777555742665,14.6223332225163
Grieg,1987,4,0.624748539066152,28,22.7110862431785,16.3770132092183
Mozart,1987,1,0.624748539066152,37,30.0110782499144,21.6410531693242
Prokofiev,1987,3,0.624748539066152,30,24.3333066891198,17.5467998670196
Rubinstein,1987,4,0.624748539066152,23,18.6555351283252,13.452546564715
Bartók,1988,4,0.606898580807119,26,21.3569401531328,14.8283885603091
Beethoven,1988,14,0.606898580807119,38,31.2139894545787,21.6722602035286
Brahms,1988,1,0.606898580807119,36,29.5711479043377,20.5316149296587
Grieg,1988,1,0.606898580807119,28,22.9997817033738,15.969033834179
Liszt,1988,1,0.606898580807119,33,27.1068855789762,18.8206470188538
Prokofiev,1988,2,0.606898580807119,30,24.6426232536147,17.1096791080489
Rachmaninoff,1988,5,0.606898580807119,35,28.7497271292172,19.9612922927237
Ravel,1988,8,0.606898580807119,29,23.8212024784943,16.539356471114
Tchaikovsky,1988,4,0.606898580807119,34,27.9283063540967,19.3909696557888
Beethoven,1989,9,0.589048622548086,38,31.5958452674967,21.1116688547449
Liszt,1989,2,0.589048622548086,33,27.438497205984,18.3338176896469
Mozart,1989,6,0.589048622548086,37,30.7643756551942,20.5560986217253
Rachmaninoff,1989,5,0.589048622548086,35,29.1014364305891,19.4449581556861
Ravel,1989,5,0.589048622548086,29,24.1126187567738,16.1115367575685
Schumann,1989,8,0.589048622548086,31,25.7755579813789,17.2226772236077
Barber,1990,4,0.571198664289053,13,10.9362959268054,7.02833062692277
Beethoven,1990,14,0.571198664289053,38,31.9676342475849,20.5443510633127
Brahms,1990,5,0.571198664289053,36,30.2851271819225,19.4630694284015
Chopin,1990,4,0.571198664289053,32,26.9201130505978,17.3005061585791
Liszt,1990,2,0.571198664289053,33,27.761366583429,17.8411469760347
Mozart,1990,8,0.571198664289053,37,31.1263807147537,20.0037102458571
Prokofiev,1990,4,0.571198664289053,30,25.2376059849354,16.2192245236679
Ravel,1990,4,0.571198664289053,29,24.3963524521043,15.6785837062123
Szymanowski,1990,4,0.571198664289053,10,8.41253532831181,5.40640817455598
Tchaikovsky,1990,1,0.571198664289053,34,28.6026201162602,18.3817877934903
Webern,1990,4,0.571198664289053,17,14.3013100581301,9.19089389674516
Haydn,1991,3,0.55334870603002,19,16.1646189691041,9.98524379190015
Mozart,1991,21,0.55334870603002,37,31.4784685187816,19.4449484368582
Prokofiev,1991,4,0.55334870603002,30,25.5230825827959,15.7661744082634
Rachmaninoff,1991,4,0.55334870603002,35,29.7769296799286,18.393870142974
Ravel,1991,4,0.55334870603002,29,24.6723131633694,15.2406352613213
Saint-Saëns,1991,1,0.55334870603002,27,22.9707743245163,14.189556967437
Tchaikovsky,1991,1,0.55334870603002,34,28.926160260502,17.8683309960318
Beethoven,1992,8,0.535498747770987,38,32.6805411278926,19.3902612563142
Gershwin,1992,3,0.535498747770987,25,21.5003560051925,12.7567508265225
Grieg,1992,4,0.535498747770987,28,24.0803987258156,14.2875609257052
Mozart,1992,4,0.535498747770987,37,31.8205268876849,18.8799912232533
Rachmaninoff,1992,8,0.535498747770987,35,30.1004984072695,17.8594511571315
Schumann,1992,3,0.535498747770987,31,26.6604414464387,15.8183710248879
Tchaikovsky,1992,5,0.535498747770987,34,29.2404841670618,17.3491811240706
Brahms,1993,6,0.517648789511955,36,31.2834617877156,17.8141802667576
Poulenc,1993,4,0.517648789511955,15,13.0347757448815,7.42257511114901
Prokofiev,1993,3,0.517648789511955,30,26.069551489763,14.845150222298
Saint-Saëns,1993,3,0.517648789511955,27,23.4625963407867,13.3606352000682
Schumann,1993,6,0.517648789511955,31,26.9385365394218,15.3399885630413
Stravinsky,1993,4,0.517648789511955,18,15.6417308938578,8.90709013337882
Beethoven,1994,12,0.499798831252922,38,33.3518016035557,18.2114614953622
Brahms,1994,1,0.499798831252922,36,31.5964436244212,17.252963521922
Chopin,1994,3,0.499798831252922,32,28.0857276661522,15.3359675750418
Prokofiev,1994,5,0.499798831252922,30,26.3303696870177,14.3774696016017
Rachmaninoff,1994,7,0.499798831252922,35,30.7187646348539,16.773714535202
Ravel,1994,7,0.499798831252922,29,25.4526906974504,13.8982206148816
Saint-Saëns,1994,4,0.499798831252922,27,23.6973327183159,12.9397226414415
Tchaikovsky,1994,4,0.499798831252922,34,29.8410856452867,16.2944655484819
Bach,1995,3,0.481948872993889,22,19.4940523785657,10.1971526350123
Beethoven,1995,9,0.481948872993889,38,33.6715450175225,17.613263642294
Brahms,1995,4,0.481948872993889,36,31.8993584376529,16.6862497663838
Grieg,1995,4,0.481948872993889,28,24.8106121181745,12.978194262743
Mozart,1995,11,0.481948872993889,37,32.7854517275877,17.1497567043389
Rachmaninoff,1995,1,0.481948872993889,35,31.0132651477181,16.2227428284287
Beethoven,1996,10,0.464098914734856,38,33.980560254669,17.0094539823831
Brahms,1996,4,0.464098914734856,36,32.1921097149496,16.1142195622577
Gershwin,1996,5,0.464098914734856,25,22.3556317464928,11.1904302515678
Grieg,1996,4,0.464098914734856,28,25.0383075560719,12.533281881756
Mendelssohn,1996,4,0.464098914734856,24,21.4614064766331,10.7428130415051
Mozart,1996,7,0.464098914734856,37,33.0863349848093,16.5618367723204
Prokofiev,1996,4,0.464098914734856,30,26.8267580957913,13.4285163018814
Ravel,1996,4,0.464098914734856,29,25.9325328259316,12.9808990918187
Saint-Saëns,1996,4,0.464098914734856,27,24.1440822862122,12.0856646716932
Beethoven,1997,7,0.446248956475823,38,34.2787488588626,16.4002248969648
Chopin,1997,4,0.446248956475823,32,28.8663148285159,13.8107157027072
Mozart,1997,15,0.446248956475823,37,33.3766765204715,15.9686400312552
Rachmaninoff,1997,9,0.446248956475823,35,31.5725318436893,15.105470299836
Ravel,1997,5,0.446248956475823,29,26.1600978133425,12.5159611055784
Brahms,1998,4,0.42839899821679,36,32.7467518327627,14.9549404680679
Chopin,1998,4,0.42839899821679,32,29.1082238513446,13.2932804160604
Copland,1998,3,0.42839899821679,16,14.5541119256723,6.64664020803018
Gershwin,1998,2,0.42839899821679,25,22.740799883863,10.3853753250472
MacDowell,1998,4,0.42839899821679,21,19.1022719024449,8.72371527303961
Mendelssohn,1998,5,0.42839899821679,24,21.8311678885084,9.96996031204527
Mozart,1998,4,0.42839899821679,37,33.6563838281172,15.3703554810698
Rachmaninoff,1998,4,0.42839899821679,35,31.8371198374081,14.539525455066
Schumann,1998,3,0.42839899821679,31,28.1985918559901,12.8778654030585
Tchaikovsky,1998,6,0.42839899821679,34,30.9274878420536,14.1241104420641
Beethoven,1999,9,0.410549039957757,38,34.8422696216361,15.1662865465878
Copland,1999,2,0.410549039957757,16,14.6704293143731,6.38580486172119
Mozart,1999,12,0.410549039957757,37,33.9253677894878,14.7671737427302
Prokofiev,1999,5,0.410549039957757,30,27.5070549644496,11.9733841157272
Ravel,1999,8,0.410549039957757,29,26.5901531323013,11.5742713118697
Shostakovich,1999,4,0.410549039957757,20,18.3380366429664,7.98225607715148
Bach,2000,1,0.392699081698724,22,20.3253497152483,8.41903551203198
Beethoven,2000,4,0.392699081698724,38,35.1074222354289,14.5419704298734
Brahms,2000,7,0.392699081698724,36,33.2596631704063,13.7766035651432
Liszt,2000,4,0.392699081698724,33,30.4880245728725,12.628553268048
Mendelssohn,2000,4,0.392699081698724,24,22.1731087802709,9.18440237676215
Mozart,2000,3,0.392699081698724,37,34.1835427029176,14.1592869975083
Prokofiev,2000,4,0.392699081698724,30,27.7163859753386,11.4805029709527
Saint-Saëns,2000,4,0.392699081698724,27,24.9447473778047,10.3324526738574
Beethoven,2001,9,0.374849123439691,38,35.3613891838995,13.9130210588784
Brahms,2001,1,0.374849123439691,36,33.5002634373785,13.1807567926217
Mozart,2001,8,0.374849123439691,37,34.430826310639,13.54688892575
Rachmaninoff,2001,5,0.374849123439691,35,32.569700564118,12.8146246594933
Ravel,2001,1,0.374849123439691,29,26.9863233245549,10.617831860723
Shostakovich,2001,4,0.374849123439691,20,18.6112574652103,7.32264266256759
Beethoven,2002,1,0.356999165180658,38,35.6040895499909,13.2796388247657
Chopin,2002,4,0.356999165180658,32,29.9823911999924,11.1828537471711
Mozart,2002,12,0.356999165180658,37,34.6671398249912,12.9301746451666
Prokofiev,2002,8,0.356999165180658,30,28.1084917499929,10.4839253879729
Rachmaninoff,2002,10,0.356999165180658,35,32.7932403749917,12.2312462859684
Ravel,2002,4,0.356999165180658,29,27.1715420249931,10.1344612083739
Shostakovich,2002,2,0.356999165180658,20,18.7389944999952,6.98928359198197
Bartók,2003,3,0.339149206921625,26,24.5189893727457,8.64980694230702
Beethoven,2003,15,0.339149206921625,38,35.8354460063207,12.6420255310641
Brahms,2003,4,0.339149206921625,36,33.9493699007248,11.9766557662713
Gershwin,2003,5,0.339149206921625,25,23.5759513199478,8.3171220599106
Grieg,2003,5,0.339149206921625,28,26.4050654783415,9.31517670709987
Haydn,2003,4,0.339149206921625,19,17.9177230031603,6.32101276553205
Mozart,2003,4,0.339149206921625,37,34.8924079535227,12.3093406486677
Prokofiev,2003,10,0.339149206921625,30,28.2911415839374,9.98054647189272
Rachmaninoff,2003,2,0.339149206921625,35,33.0063318479269,11.6439708838748
Saint-Saëns,2003,3,0.339149206921625,27,25.4620274255436,8.98249182470344
Webern,2003,4,0.339149206921625,17,16.0316468975645,5.65564300073921
Beethoven,2004,4,0.321299248662593,38,36.0553848398181,12.0003843293709
Brahms,2004,4,0.321299248662593,36,34.1577330061435,11.3687851541409
Chopin,2004,5,0.321299248662593,32,30.3624293387942,10.1055868036808
Copland,2004,4,0.321299248662593,16,15.1812146693971,5.0527934018404
Liszt,2004,3,0.321299248662593,33,31.3112552556315,10.4213863912958
Mozart,2004,1,0.321299248662593,37,35.1065589229808,11.6845847417559
Poulenc,2004,4,0.321299248662593,15,14.2323887525598,4.73699381422537
Prokofiev,2004,4,0.321299248662593,30,28.4647775051196,9.47398762845075
Rachmaninoff,2004,4,0.321299248662593,35,33.2089070893062,11.0529855665259
Ravel,2004,3,0.321299248662593,29,27.5159515882823,9.15818804083572
Schumann,2004,4,0.321299248662593,31,29.4136034219569,9.78978721606577
Tchaikovsky,2004,5,0.321299248662593,34,32.2600811724689,10.7371859789108
Bach,2005,3,0.30344929040356,22,20.994852406701,6.57390085267804
Bartók,2005,3,0.30344929040356,26,24.8120982988285,7.76915555316495
Beethoven,2005,4,0.30344929040356,38,36.2638359752108,11.3549196546257
Chopin,2005,5,0.30344929040356,32,30.5379671370196,9.56203760389533
Mozart,2005,5,0.30344929040356,37,35.309524502179,11.056105979504
Prokofiev,2005,4,0.30344929040356,30,28.6293441909559,8.96441025365187
Rachmaninoff,2005,11,0.30344929040356,35,33.4009015561152,10.4584786292605
Saint-Saëns,2005,4,0.30344929040356,27,25.7664097718603,8.06796922828668
Shostakovich,2005,4,0.30344929040356,20,19.0862294606373,5.97627350243458
Tchaikovsky,2005,2,0.30344929040356,34,32.4465900830834,10.1596649541388
Bartók,2006,3,0.285599332144527,26,24.9468173139769,7.32504647787717
Beethoven,2006,4,0.285599332144527,38,36.4607329973509,10.7058371599743
Liszt,2006,2,0.285599332144527,33,31.6632681292784,9.29717437576718
Mozart,2006,19,0.285599332144527,37,35.5012400237364,10.4241046031329
Ravel,2006,1,0.285599332144527,29,27.8252962348204,8.17024414840146
Stravinsky,2006,2,0.285599332144527,18,17.270873525061,5.07118602314573
Tchaikovsky,2006,3,0.285599332144527,34,32.6227611028929,9.57890693260861
Beethoven,2007,13,0.267749373885494,38,36.6460131723761,10.0533436512456
Brahms,2007,6,0.267749373885494,36,34.7172756369878,9.52422030118004
Grieg,2007,3,0.267749373885494,28,27.002325495435,7.40772690091781
Liszt,2007,2,0.267749373885494,33,31.8241693339055,8.7305352760817
Mozart,2007,9,0.267749373885494,37,35.681644404682,9.78878197621282
Prokofiev,2007,1,0.267749373885494,30,28.9310630308232,7.93685025098337
Ravel,2007,2,0.267749373885494,29,27.9666942631291,7.67228857595059
Tchaikovsky,2007,4,0.267749373885494,34,32.7885381015996,8.99509695111448
Bach,2008,2,0.249899415626461,22,21.3166206391932,5.44074301219274
Beethoven,2008,17,0.249899415626461,38,36.8196174676973,9.39764702106019
Brahms,2008,4,0.249899415626461,36,34.8817428641343,8.90303401995176
Chopin,2008,2,0.249899415626461,32,31.0059936570082,7.9138080177349
Gershwin,2008,4,0.249899415626461,25,24.2234325445377,6.18266251385539
Prokofiev,2008,2,0.249899415626461,30,29.0681190534452,7.41919501662646
Rachmaninoff,2008,8,0.249899415626461,35,33.9128055623528,8.65572751939754
Schumann,2008,4,0.249899415626461,31,30.0370563552267,7.66650151718068
Tchaikovsky,2008,2,0.249899415626461,34,32.9438682605713,8.40842101884333
Beethoven,2009,14,0.232049457367428,38,36.9814905708073,8.73895618259346
Gershwin,2009,1,0.232049457367428,25,24.3299280071101,5.74931327802201
Liszt,2009,3,0.232049457367428,33,32.1155049693853,7.58909352698906
Mozart,2009,2,0.232049457367428,37,36.0082934505229,8.50898365147258
Ravel,2009,8,0.232049457367428,29,28.2227164882477,6.66920340250554
Szymanowski,2009,3,0.232049457367428,10,9.73197120284403,2.2997253112088
Bach,2010,1,0.214199499108395,22,21.4972310513655,4.67643637016549
Beethoven,2010,1,0.214199499108395,38,37.1315809069041,8.07748100301311
Brahms,2010,3,0.214199499108395,36,35.1772871749617,7.65235042390716
Chopin,2010,1,0.214199499108395,32,31.2686997110771,6.80208926569525
Liszt,2010,3,0.214199499108395,33,32.2458465770483,7.01465455524823
Mozart,2010,7,0.214199499108395,37,36.1544340409329,7.86491571346014
Prokofiev,2010,11,0.214199499108395,30,29.3144059791348,6.3769586865893
Ravel,2010,3,0.214199499108395,29,28.3372591131636,6.16439339703632
Stravinsky,2010,2,0.214199499108395,18,17.5886435874809,3.82617521195358
Tchaikovsky,2010,1,0.214199499108395,34,33.2229934430194,7.22721984480121
Bartók,2011,3,0.196349540849362,26,25.500417290484,5.07234837241933
Beethoven,2011,9,0.196349540849362,38,37.2698406553228,7.41343223661287
Brahms,2011,6,0.196349540849362,36,35.3082700945163,7.02325159258062
Chopin,2011,1,0.196349540849362,32,31.3851289729034,6.2428903045161
Gershwin,2011,1,0.196349540849362,25,24.5196320100808,4.87725805040321
Ravel,2011,1,0.196349540849362,29,28.4427731316937,5.65761933846772
Tchaikovsky,2011,5,0.196349540849362,34,33.3466995337098,6.63307094854836
Bartók,2012,7,0.178499582590329,26,25.586891312739,4.61638310261188
Beethoven,2012,7,0.178499582590329,38,37.3962257647724,6.74702145766352
Brahms,2012,1,0.178499582590329,36,35.4280033561002,6.39191506515492
Grieg,2012,1,0.178499582590329,28,27.5551137214112,4.97148949512049
Lindberg,2012,5,0.178499582590329,8,7.87288963468893,1.42042557003443
Liszt,2012,1,0.178499582590329,33,32.4756697430918,5.85925547639201
Mozart,2012,7,0.178499582590329,37,36.4121145604363,6.56946826140922
Prokofiev,2012,7,0.178499582590329,30,29.5233361300835,5.3265958876291
Rachmaninoff,2012,8,0.178499582590329,35,34.4438921517641,6.21436186890061
Saint-Saëns,2012,1,0.178499582590329,27,26.5710025170751,4.79393629886619
Schoenberg,2012,3,0.178499582590329,12,11.8093344520334,2.13063835505164
Schumann,2012,3,0.178499582590329,31,30.5074473344196,5.5041490838834
Scriabin,2012,1,0.178499582590329,3,2.95233361300835,0.53265958876291
Tchaikovsky,2012,7,0.178499582590329,34,33.4597809474279,6.03680867264631
Beethoven,2013,3,0.160649624331296,38,37.510695967371,6.07846099300269
Brahms,2013,7,0.160649624331296,36,35.5364488111936,5.75854199337097
Grieg,2013,3,0.160649624331296,28,27.6394601864839,4.47886599484409
Haydn,2013,3,0.160649624331296,19,18.7553479836855,3.03923049650134
Mozart,2013,12,0.160649624331296,37,36.5235723892823,5.91850149318683
Tchaikovsky,2013,4,0.160649624331296,34,33.5622016550162,5.43862299373925
Bartók,2014,8,0.142799666072263,26,25.7353574889042,3.70018579510541
Beethoven,2014,34,0.142799666072263,38,37.6132147914754,5.40796385438484
Brahms,2014,4,0.142799666072263,36,35.6335719077136,5.12333417783826
Dvorak,2014,3,0.142799666072263,14,13.8575001863331,1.99240773582599
Gershwin,2014,5,0.142799666072263,25,24.7455360470233,3.55787095683213
Lindberg,2014,6,0.142799666072263,8,7.91857153504746,1.13851870618628
Mozart,2014,2,0.142799666072263,37,36.6233933495945,5.26564901611155
Rachmaninoff,2014,4,0.142799666072263,35,34.6437504658326,4.98101933956498
Ravel,2014,5,0.142799666072263,29,28.704821814547,4.12713030992527
Beethoven,2015,1,0.12494970781323,38,37.7037495733017,4.73574367061306
Brahms,2015,9,0.12494970781323,36,35.7193417010227,4.48649400373869
Chopin,2015,5,0.12494970781323,32,31.7505259564646,3.98799466998995
Grieg,2015,2,0.12494970781323,28,27.7817102119065,3.48949533624121
Mozart,2015,12,0.12494970781323,37,36.7115456371622,4.61111883717588
Rachmaninoff,2015,14,0.12494970781323,35,34.7271377648831,4.36186917030151
Ravel,2015,4,0.12494970781323,29,28.773914148046,3.61412016967839
Tchaikovsky,2015,1,0.12494970781323,34,33.7349338287436,4.23724433686432
Beethoven,2016,6,0.107099749554198,38,37.7822714673321,4.06201461947429
Gershwin,2016,1,0.107099749554198,25,24.8567575442974,2.67237803912782
Liszt,2016,5,0.107099749554198,33,32.8109199584726,3.52753901164872
Mozart,2016,8,0.107099749554198,37,36.7880011655602,3.95511949790917
Prokofiev,2016,2,0.107099749554198,30,29.8281090531569,3.20685364695338
Bartók,2017,4,0.0892497912951646,26,25.8965168906092,2.31741514071017
Beethoven,2017,14,0.0892497912951646,38,37.8487554555057,3.38699135949948
Brahms,2017,2,0.0892497912951646,36,35.8567156946897,3.20872865636793
Chopin,2017,1,0.0892497912951646,32,31.8726361730575,2.85220325010483
Gershwin,2017,1,0.0892497912951646,25,24.9004970102011,2.2282837891444
Mozart,2017,3,0.0892497912951646,37,36.8527355750977,3.29786000793371
Rachmaninoff,2017,4,0.0892497912951646,35,34.8606958142816,3.11959730480216
Schumann,2017,3,0.0892497912951646,31,30.8766162926494,2.76307189853905
Tchaikovsky,2017,7,0.0892497912951646,34,33.8646759338736,3.03046595323638
Beethoven,2018,6,0.0713998330361317,38,37.9031803551896,2.71088896157083
Brahms,2018,7,0.0713998330361317,36,35.9082761259691,2.56821059517236
Britten,2018,3,0.0713998330361317,9,8.97706903149228,0.642052648793091
Mendelssohn,2018,5,0.0713998330361317,24,23.9388507506461,1.71214039678158
Mozart,2018,8,0.0713998330361317,37,36.9057282405794,2.6395497783716
Prokofiev,2018,1,0.0713998330361317,30,29.9235634383076,2.14017549597697
Ravel,2018,6,0.0713998330361317,29,28.9261113236974,2.06883631277774
Beethoven,2019,15,0.0535498747770988,38,37.9455288259277,2.03392284039738
Grieg,2019,3,0.0535498747770988,28,27.9598633454204,1.49867998766123
Haydn,2019,4,0.0535498747770988,19,18.9727644129638,1.01696142019869
Mozart,2019,7,0.0535498747770988,37,36.946962277877,1.98039855512376
Prokofiev,2019,3,0.0535498747770988,30,29.9569964415219,1.60572855820846
Rachmaninoff,2019,1,0.0535498747770988,35,34.9498291817755,1.87334998457653
Schumann,2019,1,0.0535498747770988,31,30.9555629895726,1.65925284348207
Scriabin,2019,4,0.0535498747770988,3,2.99569964415219,0.160572855820846
Grieg,2020,3,0.0356999165180658,28,27.9821591183958,0.999385347491453
Mozart,2020,3,0.0356999165180658,37,36.9764245493087,1.32061635204228
Ravel,2020,1,0.0356999165180658,29,28.9815219440528,1.03507768133043
Beethoven,2021,7,0.0178499582590329,38,37.9939463615501,0.67826239439615
Mozart,2021,3,0.0178499582590329,37,36.9941056678251,0.660413384017304
Ravel,2021,1,0.0178499582590329,29,28.9953801180251,0.517621300986536
Schumann,2021,3,0.0178499582590329,31,30.9950615054751,0.553319321744228
Shostakovich,2021,2,0.0178499582590329,20,19.9968138745001,0.356980207576921
Bartók,2022,4,0,26,26,0
Beethoven,2022,8,0,38,38,0
Brahms,2022,1,0,36,36,0
Liszt,2022,3,0,33,33,0
Mozart,2022,6,0,37,37,0
Rachmaninoff,2022,3,0,35,35,0
Ravel,2022,3,0,29,29,0
Tchaikovsky,2022,3,0,34,34,0